Time,,nome,numero,posicao,nacionalidade,foto,apiId,timeId
SE Palmeiras,,Weverton,21,Goleiro,Brasil,https://img.a.transfermarkt.technology/portrait/medium/69400-1547648498.jpg?lm=1,,1
SE Palmeiras,,Marcelo Lomba,14,Goleiro,Brasil,https://img.a.transfermarkt.technology/portrait/medium/53015-1523613416.jpg?lm=1,,1
SE Palmeiras,,Mateus,1,Goleiro,Brasil,https://img.a.transfermarkt.technology/portrait/medium/813121-1706119734.jpg?lm=1,,1
SE Palmeiras,,Murilo,26,Zagueiro,Brasil,https://img.a.transfermarkt.technology/portrait/medium/458710-1642081312.png?lm=1,,1
SE Palmeiras,,Gustavo Gómez ,15,Zagueiro,Paraguai,https://img.a.transfermarkt.technology/portrait/medium/215390-1687967123.jpg?lm=1,,1
SE Palmeiras,,Micael,13,Zagueiro,Brasil,https://img.a.transfermarkt.technology/portrait/medium/867847-1709581106.jpg?lm=1,,1
SE Palmeiras,,Bruno Fuchs,3,Zagueiro,Brasil,https://img.a.transfermarkt.technology/portrait/medium/563692-1629034685.png?lm=1,,1
SE Palmeiras,,Naves,34,Zagueiro,Brasil,https://img.a.transfermarkt.technology/portrait/medium/964591-1670983137.jpg?lm=1,,1
SE Palmeiras,,Luis Benedetti,43,Zagueiro,Brasil,https://img.a.transfermarkt.technology/portrait/medium/default.jpg?lm=1,,1
SE Palmeiras,,Joaquín Piquerez,22,Lateral Esquerdo,Uruguai,https://img.a.transfermarkt.technology/portrait/medium/496268-1706144655.jpg?lm=1,,1
SE Palmeiras,,Vanderlan,6,Lateral Esquerdo,Brasil,https://img.a.transfermarkt.technology/portrait/medium/816129-1658806524.jpg?lm=1,,1
SE Palmeiras,,Agustín Giay,4,Lateral Direito,Argentina,https://img.a.transfermarkt.technology/portrait/medium/849582-1684910869.jpg?lm=1,,1
SE Palmeiras,,Mayke ,12,Lateral Direito,Brasil,https://img.a.transfermarkt.technology/portrait/medium/147361-1461926352.jpg?lm=1,,1
SE Palmeiras,,Marcos Rocha,2,Lateral Direito,Brasil,https://img.a.transfermarkt.technology/portrait/medium/75435-1543836089.jpg?lm=1,,1
SE Palmeiras,,Aníbal Moreno,5,Volante,Argentina,https://img.a.transfermarkt.technology/portrait/medium/642758-1694004255.JPG?lm=1,,1
SE Palmeiras,,Emiliano Martínez,32,Volante,Uruguai,https://img.a.transfermarkt.technology/portrait/medium/707447-1720681061.jpg?lm=1,,1
SE Palmeiras,,Richard Ríos,8,Meia Central,Colômbia,https://img.a.transfermarkt.technology/portrait/medium/735573-1721090544.jpg?lm=1,,1
SE Palmeiras,,Lucas Evangelista ,30,Meia Central,Brasil,https://img.a.transfermarkt.technology/portrait/medium/270188-1582120817.png?lm=1,,1
SE Palmeiras,,Figueiredo,38,Meia Central,Brasil,https://img.a.transfermarkt.technology/portrait/medium/1004736-1680450706.jpg?lm=1,,1
SE Palmeiras,,Raphael Veiga ,23,Meia Ofensivo,Brasil,https://img.a.transfermarkt.technology/portrait/medium/432953-1706144797.jpg?lm=1,,1
SE Palmeiras,,Mauricio,18,Meia Ofensivo,Brasil,https://img.a.transfermarkt.technology/portrait/medium/678439-1662317819.jpg?lm=1,,1
SE Palmeiras,,Allan,40,Meia Ofensivo,Brasil,https://img.a.transfermarkt.technology/portrait/medium/1082631-1670979249.jpg?lm=1,,1
SE Palmeiras,,Paulinho,10,Ponta Esquerda,Brasil,https://img.a.transfermarkt.technology/portrait/medium/428791-1658913690.jpg?lm=1,,1
SE Palmeiras,,Felipe Anderson,7,Ponta Esquerda,Brasil,https://img.a.transfermarkt.technology/portrait/medium/159372-1692963183.jpg?lm=1,,1
SE Palmeiras,,Bruno Rodrigues ,11,Ponta Esquerda,Brasil,https://img.a.transfermarkt.technology/portrait/medium/406766-1661905719.jpg?lm=1,,1
SE Palmeiras,,Estêvão,41,Ponta Direita,Brasil,https://img.a.transfermarkt.technology/portrait/medium/1056993-1731657826.jpg?lm=1,,1
SE Palmeiras,,Facundo Torres,17,Ponta Direita,Uruguai,https://img.a.transfermarkt.technology/portrait/medium/465822-1711186881.jpg?lm=1,,1
SE Palmeiras,,Vitor Roque,9,Centroavante,Brasil,https://img.a.transfermarkt.technology/portrait/medium/943837-1744743482.jpg?lm=1,,1
SE Palmeiras,,José Manuel López,42,Centroavante,Argentina,https://img.a.transfermarkt.technology/portrait/medium/844797-1739618753.jpg?lm=1,,1
SE Palmeiras,,Luighi,31,Centroavante,Brasil,https://img.a.transfermarkt.technology/portrait/medium/1158001-1697290914.jpg?lm=1,,1
SE Palmeiras,,Thalys,39,Centroavante,Brasil,https://img.a.transfermarkt.technology/portrait/medium/1072157-1680449274.jpg?lm=1,,1
CR Flamengo,,Agustín Rossi,1,Goleiro,Argentina,https://img.a.transfermarkt.technology/portrait/medium/352324-1633537886.JPG?lm=1,,1
CR Flamengo,,Matheus Cunha,25,Goleiro,Brasil,https://img.a.transfermarkt.technology/portrait/medium/876739-1725326716.jpg?lm=1,,1
CR Flamengo,,Dyogo Alves,49,Goleiro,Brasil,https://img.a.transfermarkt.technology/portrait/medium/1082543-1725327039.jpg?lm=1,,1
CR Flamengo,,Léo Ortiz,3,Zagueiro,Brasil,https://img.a.transfermarkt.technology/portrait/medium/374136-1726495070.jpeg?lm=1,,1
CR Flamengo,,Léo Pereira,4,Zagueiro,Brasil,https://img.a.transfermarkt.technology/portrait/medium/288431-1744287593.jpg?lm=1,,1
CR Flamengo,,Danilo,13,Zagueiro,Brasil,https://img.a.transfermarkt.technology/portrait/medium/145707-1663577215.jpg?lm=1,,1
CR Flamengo,,Pablo,21,Zagueiro,Brasil,https://img.a.transfermarkt.technology/portrait/medium/149577-1617369576.png?lm=1,,1
CR Flamengo,,Cleiton,33,Zagueiro,Brasil,https://img.a.transfermarkt.technology/portrait/medium/943237-1660868052.jpeg?lm=1,,1
CR Flamengo,,Matías Viña ,17,Lateral Esquerdo,Uruguai,https://img.a.transfermarkt.technology/portrait/medium/439072-1663581362.jpg?lm=1,,1
CR Flamengo,,Ayrton Lucas,6,Lateral Esquerdo,Brasil,https://img.a.transfermarkt.technology/portrait/medium/349585-1632577645.png?lm=1,,1
CR Flamengo,,Alex Sandro,26,Lateral Esquerdo,Brasil,https://img.a.transfermarkt.technology/portrait/medium/79960-1661351746.jpg?lm=1,,1
CR Flamengo,,Zé Welinton,39,Lateral Esquerdo,Brasil,https://img.a.transfermarkt.technology/portrait/medium/default.jpg?lm=1,,1
CR Flamengo,,Wesley,43,Lateral Direito,Brasil,https://img.a.transfermarkt.technology/portrait/medium/964580-1743167536.jpg?lm=1,,1
CR Flamengo,,Guillermo Varela,2,Lateral Direito,Uruguai,https://img.a.transfermarkt.technology/portrait/medium/188862-1605115531.png?lm=1,,1
CR Flamengo,,Erick Pulgar,5,Volante,Chile,https://img.a.transfermarkt.technology/portrait/medium/215616-1744288828.jpg?lm=1,,1
CR Flamengo,,Allan,29,Volante,Brasil,https://img.a.transfermarkt.technology/portrait/medium/385271-1662409754.jpg?lm=1,,1
CR Flamengo,,Evertton Araújo,52,Volante,Brasil,https://img.a.transfermarkt.technology/portrait/medium/931007-1744744070.jpg?lm=1,,1
CR Flamengo,,Caio Garcia,55,Volante,Brasil,https://img.a.transfermarkt.technology/portrait/medium/default.jpg?lm=1,,1
CR Flamengo,,Gerson ,8,Meia Central,Brasil,https://img.a.transfermarkt.technology/portrait/medium/341705-1640777566.jpg?lm=1,,1
CR Flamengo,,Nicolás de la Cruz,18,Meia Central,Uruguai,https://img.a.transfermarkt.technology/portrait/medium/397458-1719565799.jpg?lm=1,,1
CR Flamengo,,Giorgian de Arrascaeta,10,Meia Ofensivo,Uruguai,https://img.a.transfermarkt.technology/portrait/medium/248410-1668501457.jpg?lm=1,,1
CR Flamengo,,Lorran,19,Meia Ofensivo,Brasil,https://img.a.transfermarkt.technology/portrait/medium/1009030-1682391070.jpg?lm=1,,1
CR Flamengo,,Everton,11,Ponta Esquerda,Brasil,https://img.a.transfermarkt.technology/portrait/medium/321239-1744288639.jpg?lm=1,,1
CR Flamengo,,Michael,30,Ponta Esquerda,Brasil,https://img.a.transfermarkt.technology/portrait/medium/520392-1744288151.jpg?lm=1,,1
CR Flamengo,,Gonzalo Plata,50,Ponta Direita,Equador,https://img.a.transfermarkt.technology/portrait/medium/592735-1744288468.jpg?lm=1,,1
CR Flamengo,,Luiz Araújo,7,Ponta Direita,Brasil,https://img.a.transfermarkt.technology/portrait/medium/435485-1744288335.jpg?lm=1,,1
CR Flamengo,,Matheus Gonçalves,20,Ponta Direita,Brasil,https://img.a.transfermarkt.technology/portrait/medium/961046-1724740816.jpg?lm=1,,1
CR Flamengo,,Pedro,9,Centroavante,Brasil,https://img.a.transfermarkt.technology/portrait/medium/432895-1668696996.jpg?lm=1,,1
CR Flamengo,,Wallace Yan,64,Centroavante,Brasil,https://img.a.transfermarkt.technology/portrait/medium/1082602-1743043446.jpg?lm=1,,1
CR Flamengo,,Juninho,23,Centroavante,Brasil,https://img.a.transfermarkt.technology/portrait/medium/424676-1723010308.png?lm=1,,1
CR Flamengo,,Bruno Henrique,27,Centroavante,Brasil,https://img.a.transfermarkt.technology/portrait/medium/353108-1733188857.jpg?lm=1,,1
Botafogo FR,,John Victor,12,Goleiro,Brasil,https://img.a.transfermarkt.technology/portrait/medium/432914-1734107350.jpg?lm=1,,1
Botafogo FR,,Léo Linck,24,Goleiro,Brasil,https://img.a.transfermarkt.technology/portrait/medium/742034-1725390828.jpg?lm=1,,1
Botafogo FR,,Raul,1,Goleiro,Brasil,https://img.a.transfermarkt.technology/portrait/medium/520093-1660833546.jpg?lm=1,,1
Botafogo FR,,Jair Cunha,32,Zagueiro,Brasil,https://img.a.transfermarkt.technology/portrait/medium/984096-1706124246.jpg?lm=1,,1
Botafogo FR,,Alexander Barboza,20,Zagueiro,Argentina,https://img.a.transfermarkt.technology/portrait/medium/379752-1680009523.jpg?lm=1,,1
Botafogo FR,,David Ricardo,57,Zagueiro,Brasil,https://img.a.transfermarkt.technology/portrait/medium/985172-1674750485.jpg?lm=1,,1
Botafogo FR,,Bastos ,15,Zagueiro,Angola,https://img.a.transfermarkt.technology/portrait/medium/195810-1633193060.png?lm=1,,1
Botafogo FR,,Philipe Sampaio,-,Zagueiro,Brasil,https://img.a.transfermarkt.technology/portrait/medium/336697-1709824804.png?lm=1,,1
Botafogo FR,,Alex Telles,13,Lateral Esquerdo,Brasil,https://img.a.transfermarkt.technology/portrait/medium/255755-1659559306.jpg?lm=1,,1
Botafogo FR,,Cuiabano,66,Lateral Esquerdo,Brasil,https://img.a.transfermarkt.technology/portrait/medium/891353-1723245970.jpg?lm=1,,1
Botafogo FR,,Marçal ,-,Lateral Esquerdo,Brasil,https://img.a.transfermarkt.technology/portrait/medium/137745-1682960861.jpg?lm=1,,1
Botafogo FR,,Vitinho,2,Lateral Direito,Brasil,https://img.a.transfermarkt.technology/portrait/medium/468249-1626767682.jpg?lm=1,,1
Botafogo FR,,Mateo Ponte,4,Lateral Direito,Uruguai,https://img.a.transfermarkt.technology/portrait/medium/856047-1676634597.jpg?lm=1,,1
Botafogo FR,,Marlon Freitas ,17,Volante,Brasil,https://img.a.transfermarkt.technology/portrait/medium/364972-1664556414.jpg?lm=1,,1
Botafogo FR,,Gregore,26,Volante,Brasil,https://img.a.transfermarkt.technology/portrait/medium/546036-1710079666.jpg?lm=1,,1
Botafogo FR,,Danilo Barbosa ,5,Volante,Brasil,https://img.a.transfermarkt.technology/portrait/medium/273438-1506351339.jpg?lm=1,,1
Botafogo FR,,Allan,25,Volante,Brasil,https://img.a.transfermarkt.technology/portrait/medium/126422-1448529525.jpg?lm=1,,1
Botafogo FR,,Patrick de Paula,6,Volante,Brasil,https://img.a.transfermarkt.technology/portrait/medium/737821-1726689084.jpg?lm=1,,1
Botafogo FR,,Newton,28,Volante,Brasil,https://img.a.transfermarkt.technology/portrait/medium/811219-1716603349.jpg?lm=1,,1
Botafogo FR,,Kauê,18,Meia Central,Brasil,https://img.a.transfermarkt.technology/portrait/medium/834467-1737133520.jpg?lm=1,,1
Botafogo FR,,Jefferson Savarino,10,Meia Ofensivo,Venezuela,https://img.a.transfermarkt.technology/portrait/medium/309193-1678299144.jpg?lm=1,,1
Botafogo FR,,Santiago Rodríguez,23,Meia Ofensivo,Uruguai,https://img.a.transfermarkt.technology/portrait/medium/465819-1710583524.jpg?lm=1,,1
Botafogo FR,,Kauan Lindes,77,Meia Ofensivo,Brasil,https://img.a.transfermarkt.technology/portrait/medium/1222625-1739971195.jpg?lm=1,,1
Botafogo FR,,Matheus Martins,11,Ponta Esquerda,Brasil,https://img.a.transfermarkt.technology/portrait/medium/668228-1671029844.jpg?lm=1,,1
Botafogo FR,,Jeffinho,47,Ponta Esquerda,Brasil,https://img.a.transfermarkt.technology/portrait/medium/884072-1668287183.jpg?lm=1,,1
Botafogo FR,,Yarlen,-,Ponta Esquerda,Brasil,https://img.a.transfermarkt.technology/portrait/medium/1241278-1739971346.jpg?lm=1,,1
Botafogo FR,,Artur,7,Ponta Direita,Brasil,https://img.a.transfermarkt.technology/portrait/medium/440658-1721723683.png?lm=1,,1
Botafogo FR,,Nathan Fernandes ,21,Ponta Direita,Brasil,https://img.a.transfermarkt.technology/portrait/medium/1083600-1708125134.jpg?lm=1,,1
Botafogo FR,,Rafael Lobato,69,Ponta Direita,Brasil,https://img.a.transfermarkt.technology/portrait/medium/1097263-1739971442.jpg?lm=1,,1
Botafogo FR,,Igor Jesus,99,Centroavante,Brasil,https://img.a.transfermarkt.technology/portrait/medium/432164-1725325779.jpg?lm=1,,1
Botafogo FR,,Rwan Cruz,9,Centroavante,Brasil,https://img.a.transfermarkt.technology/portrait/medium/973569-1691005715.png?lm=1,,1
Botafogo FR,,Elias Manoel,33,Centroavante,Brasil,https://img.a.transfermarkt.technology/portrait/medium/813044-1710581617.jpg?lm=1,,1
Botafogo FR,,Gonzalo Mastriani,39,Centroavante,Uruguai,https://img.a.transfermarkt.technology/portrait/medium/195882-1682804477.jpg?lm=1,,1
Botafogo FR,,Kayke,-,Centroavante,Brasil,https://img.a.transfermarkt.technology/portrait/medium/1219248-1737133793.jpg?lm=1,,1
SC Corinthians,,Hugo Souza ,1,Goleiro,Brasil,https://img.a.transfermarkt.technology/portrait/medium/574901-1673960343.jpg?lm=1,,1
SC Corinthians,,Matheus Donelli,32,Goleiro,Brasil,https://img.a.transfermarkt.technology/portrait/medium/708723-1725326064.jpg?lm=1,,1
SC Corinthians,,Felipe Longo,40,Goleiro,Brasil,https://img.a.transfermarkt.technology/portrait/medium/default.jpg?lm=1,,1
SC Corinthians,,Kauê,51,Goleiro,Brasil,https://img.a.transfermarkt.technology/portrait/medium/1005653-1738231246.jpg?lm=1,,1
SC Corinthians,,Félix Torres,3,Zagueiro,Equador,https://img.a.transfermarkt.technology/portrait/medium/468174-1719230427.jpg?lm=1,,1
SC Corinthians,,Cacá,25,Zagueiro,Brasil,https://img.a.transfermarkt.technology/portrait/medium/603122-1642071880.png?lm=1,,1
SC Corinthians,,André Ramalho,5,Zagueiro,Brasil,https://img.a.transfermarkt.technology/portrait/medium/175792-1721347430.jpg?lm=1,,1
SC Corinthians,,Tchoca,47,Zagueiro,Brasil,https://img.a.transfermarkt.technology/portrait/medium/1005650-1720056483.jpg?lm=1,,1
SC Corinthians,,Gustavo Henrique ,13,Zagueiro,Brasil,https://img.a.transfermarkt.technology/portrait/medium/208681-1725326922.jpg?lm=1,,1
SC Corinthians,,Matheus Bidu,21,Lateral Esquerdo,Brasil,https://img.a.transfermarkt.technology/portrait/medium/670021-1660574686.jpg?lm=1,,1
SC Corinthians,,Diego Palacios,6,Lateral Esquerdo,Equador,https://img.a.transfermarkt.technology/portrait/medium/425567-1678026927.jpg?lm=1,,1
SC Corinthians,,Hugo,46,Lateral Esquerdo,Brasil,https://img.a.transfermarkt.technology/portrait/medium/730708-1700062381.jpg?lm=1,,1
SC Corinthians,,Fabrizio Angileri ,26,Lateral Esquerdo,Argentina,https://img.a.transfermarkt.technology/portrait/medium/268506-1625760521.png?lm=1,,1
SC Corinthians,,Matheuzinho,2,Lateral Direito,Brasil,https://img.a.transfermarkt.technology/portrait/medium/594226-1725325967.jpg?lm=1,,1
SC Corinthians,,Léo Mana,33,Lateral Direito,Brasil,https://img.a.transfermarkt.technology/portrait/medium/838387-1719453799.jpg?lm=1,,1
SC Corinthians,,Raniele,14,Volante,Brasil,https://img.a.transfermarkt.technology/portrait/medium/546530-1680488285.jpg?lm=1,,1
SC Corinthians,,José Martínez,70,Volante,Venezuela,https://img.a.transfermarkt.technology/portrait/medium/415666-1711204569.jpg?lm=1,,1
SC Corinthians,,Ryan,37,Volante,Brasil,https://img.a.transfermarkt.technology/portrait/medium/1005642-1720056608.jpg?lm=1,,1
SC Corinthians,,Breno Bidon,27,Meia Central,Brasil,https://img.a.transfermarkt.technology/portrait/medium/1029227-1725327135.jpg?lm=1,,1
SC Corinthians,,Maycon,7,Meia Central,Brasil,https://img.a.transfermarkt.technology/portrait/medium/421935-1641992736.png?lm=1,,1
SC Corinthians,,Alex Santana,80,Meia Central,Brasil,https://img.a.transfermarkt.technology/portrait/medium/219835-1622913468.png?lm=1,,1
SC Corinthians,,André Carrillo,19,Meia Central,Perú,https://img.a.transfermarkt.technology/portrait/medium/135057-1698420514.JPG?lm=1,,1
SC Corinthians,,Charles,35,Meia Central,Brasil,https://img.a.transfermarkt.technology/portrait/medium/486078-1580200410.jpg?lm=1,,1
SC Corinthians,,Rodrigo Garro ,8,Meia Ofensivo,Argentina,https://img.a.transfermarkt.technology/portrait/medium/565009-1725327608.jpg?lm=1,,1
SC Corinthians,,Igor Coronado ,77,Meia Ofensivo,Itália,https://img.a.transfermarkt.technology/portrait/medium/215915-1703280013.png?lm=1,,1
SC Corinthians,,Talles Magno,43,Ponta Esquerda,Brasil,https://img.a.transfermarkt.technology/portrait/medium/677512-1710582723.jpg?lm=1,,1
SC Corinthians,,Ángel Romero,11,Ponta Esquerda,Paraguai,https://img.a.transfermarkt.technology/portrait/medium/262262-1718340912.jpg?lm=1,,1
SC Corinthians,,Kayke,31,Ponta Direita,Brasil,https://img.a.transfermarkt.technology/portrait/medium/1082700-1719454145.jpg?lm=1,,1
SC Corinthians,,Yuri Alberto,9,Centroavante,Brasil,https://img.a.transfermarkt.technology/portrait/medium/489893-1744075236.jpg?lm=1,,1
SC Corinthians,,Memphis Depay,10,Centroavante,Holanda,https://img.a.transfermarkt.technology/portrait/medium/167850-1668167349.jpg?lm=1,,1
SC Corinthians,,Giovane,17,Centroavante,Brasil,https://img.a.transfermarkt.technology/portrait/medium/1005165-1678848790.jpg?lm=1,,1
SC Corinthians,,Héctor Hernández,22,Centroavante,Espanha,https://img.a.transfermarkt.technology/portrait/medium/273738-1491486452.jpg?lm=1,,1
SC Internacional,,Sergio Rochet ,1,Goleiro,Uruguai,https://img.a.transfermarkt.technology/portrait/medium/264014-1668501221.jpg?lm=1,,1
SC Internacional,,Anthoni,24,Goleiro,Brasil,https://img.a.transfermarkt.technology/portrait/medium/869437-1664420869.jpg?lm=1,,1
SC Internacional,,Ivan,12,Goleiro,Brasil,https://img.a.transfermarkt.technology/portrait/medium/364257-1658372908.png?lm=1,,1
SC Internacional,,Kauan,22,Goleiro,Brasil,https://img.a.transfermarkt.technology/portrait/medium/1094530-1680880061.jpg?lm=1,,1
SC Internacional,,Vitão,4,Zagueiro,Brasil,https://img.a.transfermarkt.technology/portrait/medium/428783-1641992592.png?lm=1,,1
SC Internacional,,Kaique Rocha,27,Zagueiro,Brasil,https://img.a.transfermarkt.technology/portrait/medium/633377-1604409330.jpg?lm=1,,1
SC Internacional,,Victor Gabriel ,41,Zagueiro,Brasil,https://img.a.transfermarkt.technology/portrait/medium/834444-1743042084.jpg?lm=1,,1
SC Internacional,,Juninho ,18,Zagueiro,Brasil,https://img.a.transfermarkt.technology/portrait/medium/383638-1525791516.jpg?lm=1,,1
SC Internacional,,Clayton,20,Zagueiro,Brasil,https://img.a.transfermarkt.technology/portrait/medium/371968-1725227811.jpg?lm=1,,1
SC Internacional,,Agustín Rogel,3,Zagueiro,Uruguai,https://img.a.transfermarkt.technology/portrait/medium/456535-1695045310.jpg?lm=1,,1
SC Internacional,,Gabriel Mercado ,25,Zagueiro,Argentina,https://img.a.transfermarkt.technology/portrait/medium/45319-1418827134.jpg?lm=1,,1
SC Internacional,,Pedro Kauã,46,Zagueiro,Brasil,https://img.a.transfermarkt.technology/portrait/medium/default.jpg?lm=1,,1
SC Internacional,,Alexandro Bernabei,26,Lateral Esquerdo,Argentina,https://img.a.transfermarkt.technology/portrait/medium/719635-1636410028.JPG?lm=1,,1
SC Internacional,,Ramon,2,Lateral Esquerdo,Brasil,https://img.a.transfermarkt.technology/portrait/medium/663578-1662651110.jpg?lm=1,,1
SC Internacional,,Pablo,42,Lateral Esquerdo,Brasil,https://img.a.transfermarkt.technology/portrait/medium/default.jpg?lm=1,,1
SC Internacional,,Bruno Gomes ,15,Lateral Direito,Brasil,https://img.a.transfermarkt.technology/portrait/medium/703322-1662693325.jpg?lm=1,,1
SC Internacional,,Nathan,23,Lateral Direito,Brasil,https://img.a.transfermarkt.technology/portrait/medium/740273-1641552817.jpg?lm=1,,1
SC Internacional,,Braian Aguirre,35,Lateral Direito,Argentina,https://img.a.transfermarkt.technology/portrait/medium/829378-1721934132.png?lm=1,,1
SC Internacional,,Thiago Maia,29,Volante,Brasil,https://img.a.transfermarkt.technology/portrait/medium/294873-1668860866.jpeg?lm=1,,1
SC Internacional,,Fernando,5,Volante,Brasil,https://img.a.transfermarkt.technology/portrait/medium/51174-1554903963.jpg?lm=1,,1
SC Internacional,,Ronaldo,16,Volante,Brasil,https://img.a.transfermarkt.technology/portrait/medium/405768-1597922261.jpg?lm=1,,1
SC Internacional,,Diego Rosa,33,Volante,Brasil,https://img.a.transfermarkt.technology/portrait/medium/662327-1713870379.png?lm=1,,1
SC Internacional,,Luis Otávio,39,Volante,Brasil,https://img.a.transfermarkt.technology/portrait/medium/default.jpg?lm=1,,1
SC Internacional,,Bernardo Jacob,43,Volante,Brasil,https://img.a.transfermarkt.technology/portrait/medium/default.jpg?lm=1,,1
SC Internacional,,Gustavo,50,Volante,Brasil,https://img.a.transfermarkt.technology/portrait/medium/default.jpg?lm=1,,1
SC Internacional,,Gustavo Prado,47,Meia Central,Brasil,https://img.a.transfermarkt.technology/portrait/medium/1095552-1680879273.jpg?lm=1,,1
SC Internacional,,Bruno Henrique,8,Meia Central,Brasil,https://img.a.transfermarkt.technology/portrait/medium/277335-1687958953.JPG?lm=1,,1
SC Internacional,,Alan Patrick ,10,Meia Ofensivo,Brasil,https://img.a.transfermarkt.technology/portrait/medium/104505-1641992716.png?lm=1,,1
SC Internacional,,Óscar Romero,11,Meia Ofensivo,Paraguai,https://img.a.transfermarkt.technology/portrait/medium/217886-1646343469.JPG?lm=1,,1
SC Internacional,,Estêvão,-,Meia Ofensivo,Brasil,https://img.a.transfermarkt.technology/portrait/medium/982552-1680878273.jpg?lm=1,,1
SC Internacional,,Yago Noal,37,Meia Ofensivo,Brasil,https://img.a.transfermarkt.technology/portrait/medium/default.jpg?lm=1,,1
SC Internacional,,Wesley,21,Ponta Esquerda,Brasil,https://img.a.transfermarkt.technology/portrait/medium/674732-1719842843.jpg?lm=1,,1
SC Internacional,,Vitinho,28,Ponta Esquerda,Brasil,https://img.a.transfermarkt.technology/portrait/medium/670965-1627635805.jpg?lm=1,,1
SC Internacional,,Johan Carbonero,7,Ponta Esquerda,Colômbia,https://img.a.transfermarkt.technology/portrait/medium/572042-1724348910.png?lm=1,,1
SC Internacional,,Gabriel Carvalho,34,Ponta Direita,Brasil,https://img.a.transfermarkt.technology/portrait/medium/1089144-1725227963.jpg?lm=1,,1
SC Internacional,,Bruno Tabata,17,Ponta Direita,Brasil,https://img.a.transfermarkt.technology/portrait/medium/438202-1602775163.jpg?lm=1,,1
SC Internacional,,Marlinho,38,Ponta Direita,Brasil,https://img.a.transfermarkt.technology/portrait/medium/default.jpg?lm=1,,1
SC Internacional,,Rafael Borré,19,Centroavante,Colômbia,https://img.a.transfermarkt.technology/portrait/medium/323831-1663064975.jpg?lm=1,,1
SC Internacional,,Enner Valencia,13,Centroavante,Equador,https://img.a.transfermarkt.technology/portrait/medium/139503-1665590120.png?lm=1,,1
SC Internacional,,Lucca,45,Centroavante,Brasil,https://img.a.transfermarkt.technology/portrait/medium/982549-1671024498.jpg?lm=1,,1
SC Internacional,,Ricardo Mathias,49,Centroavante,Brasil,https://img.a.transfermarkt.technology/portrait/medium/1044132-1727290958.jpg?lm=1,,1
SC Internacional,,Lucca Drummond ,48,Centroavante,Brasil,https://img.a.transfermarkt.technology/portrait/medium/default.jpg?lm=1,,1
Grêmio FBPA,,Gabriel Grando,12,Goleiro,Brasil,https://img.a.transfermarkt.technology/portrait/medium/878037-1624899167.jpg?lm=1,,1
Grêmio FBPA,,Tiago Volpi,1,Goleiro,Brasil,https://img.a.transfermarkt.technology/portrait/medium/227671-1547634654.jpg?lm=1,,1
Grêmio FBPA,,Jorge,31,Goleiro,Brasil,https://img.a.transfermarkt.technology/portrait/medium/default.jpg?lm=1,,1
Grêmio FBPA,,Gustavo Martins,53,Zagueiro,Brasil,https://img.a.transfermarkt.technology/portrait/medium/874223-1727467725.jpg?lm=1,,1
Grêmio FBPA,,Wagner Leonardo,3,Zagueiro,Brasil,https://img.a.transfermarkt.technology/portrait/medium/671572-1660574557.jpg?lm=1,,1
Grêmio FBPA,,Rodrigo Ely,5,Zagueiro,Brasil,https://img.a.transfermarkt.technology/portrait/medium/176140-1448982160.jpg?lm=1,,1
Grêmio FBPA,,Jemerson,21,Zagueiro,Brasil,https://img.a.transfermarkt.technology/portrait/medium/258254-1662403773.jpg?lm=1,,1
Grêmio FBPA,,Walter Kannemann ,4,Zagueiro,Argentina,https://img.a.transfermarkt.technology/portrait/medium/145400-1547647538.jpg?lm=1,,1
Grêmio FBPA,,Viery,44,Zagueiro,Brasil,https://img.a.transfermarkt.technology/portrait/medium/default.jpg?lm=1,,1
Grêmio FBPA,,Luan Cândido,30,Lateral Esquerdo,Brasil,https://img.a.transfermarkt.technology/portrait/medium/432166-1662650775.jpg?lm=1,,1
Grêmio FBPA,,Marlon,-,Lateral Esquerdo,Brasil,https://img.a.transfermarkt.technology/portrait/medium/406675-1669119169.png?lm=1,,1
Grêmio FBPA,,Lucas Esteves,25,Lateral Esquerdo,Brasil,https://img.a.transfermarkt.technology/portrait/medium/688668-1647191911.jpg?lm=1,,1
Grêmio FBPA,,Mayk ,26,Lateral Esquerdo,Brasil,https://img.a.transfermarkt.technology/portrait/medium/603423-1684807504.jpg?lm=1,,1
Grêmio FBPA,,João Pedro,18,Lateral Direito,Brasil,https://img.a.transfermarkt.technology/portrait/medium/342024-1542105407.png?lm=1,,1
Grêmio FBPA,,João Lucas,2,Lateral Direito,Brasil,https://img.a.transfermarkt.technology/portrait/medium/672292-1662430855.jpg?lm=1,,1
Grêmio FBPA,,Igor Serrote,34,Lateral Direito,Brasil,https://img.a.transfermarkt.technology/portrait/medium/1156563-1739799273.jpg?lm=1,,1
Grêmio FBPA,,Mathías Villasanti,20,Volante,Paraguai,https://img.a.transfermarkt.technology/portrait/medium/436385-1719654416.jpg?lm=1,,1
Grêmio FBPA,,Gustavo Cuéllar,6,Volante,Colômbia,https://img.a.transfermarkt.technology/portrait/medium/119333-1681407283.jpg?lm=1,,1
Grêmio FBPA,,Ronald,35,Volante,Brasil,https://img.a.transfermarkt.technology/portrait/medium/959092-1721349724.jpg?lm=1,,1
Grêmio FBPA,,Camilo,15,Volante,Brasil,https://img.a.transfermarkt.technology/portrait/medium/672202-1722083218.png?lm=1,,1
Grêmio FBPA,,Dodi,17,Volante,Brasil,https://img.a.transfermarkt.technology/portrait/medium/373174-1656157544.jpg?lm=1,,1
Grêmio FBPA,,Edenilson,8,Meia Central,Brasil,https://img.a.transfermarkt.technology/portrait/medium/169052-1662689029.jpg?lm=1,,1
Grêmio FBPA,,Franco Cristaldo,10,Meia Ofensivo,Argentina,https://img.a.transfermarkt.technology/portrait/medium/332259-1684807927.jpg?lm=1,,1
Grêmio FBPA,,Miguel Monsalve,11,Meia Ofensivo,Colômbia,https://img.a.transfermarkt.technology/portrait/medium/828045-1660018898.jpg?lm=1,,1
Grêmio FBPA,,Gabriel Silva,-,Meia Ofensivo,Brasil,https://img.a.transfermarkt.technology/portrait/medium/983109-1682800985.jpg?lm=1,,1
Grêmio FBPA,,Nathan,14,Meia Ofensivo,Brasil,https://img.a.transfermarkt.technology/portrait/medium/294798-1553782660.jpg?lm=1,,1
Grêmio FBPA,,Gabriel Mec,37,Meia Ofensivo,Brasil,https://img.a.transfermarkt.technology/portrait/medium/default.jpg?lm=1,,1
Grêmio FBPA,,Alexander Aravena,16,Ponta Esquerda,Chile,https://img.a.transfermarkt.technology/portrait/medium/662742-1678995872.jpg?lm=1,,1
Grêmio FBPA,,Francis Amuzu,9,Ponta Esquerda,Bélgica,https://img.a.transfermarkt.technology/portrait/medium/423604-1704981793.jpg?lm=1,,1
Grêmio FBPA,,Cristian Olivera ,99,Ponta Direita,Uruguai,https://img.a.transfermarkt.technology/portrait/medium/657746-1709932388.jpg?lm=1,,1
Grêmio FBPA,,Cristian Pavón,7,Ponta Direita,Argentina,https://img.a.transfermarkt.technology/portrait/medium/373170-1583574833.JPG?lm=1,,1
Grêmio FBPA,,Matías Arezo,19,Centroavante,Uruguai,https://img.a.transfermarkt.technology/portrait/medium/611426-1646058448.jpg?lm=1,,1
Grêmio FBPA,,Martin Braithwaite,22,Centroavante,Dinamarca,https://img.a.transfermarkt.technology/portrait/medium/95732-1583334177.jpg?lm=1,,1
Grêmio FBPA,,André Henrique,77,Centroavante,Brasil,https://img.a.transfermarkt.technology/portrait/medium/1024605-1711573149.jpg?lm=1,,1
Santos FC,,Gabriel Brazão,77,Goleiro,Brasil,https://img.a.transfermarkt.technology/portrait/medium/371247-1690872131.jpg?lm=1,,1
Santos FC,,João Paulo,1,Goleiro,Brasil,https://img.a.transfermarkt.technology/portrait/medium/275412-1543927359.jpg?lm=1,,1
Santos FC,,Diógenes,12,Goleiro,Brasil,https://img.a.transfermarkt.technology/portrait/medium/907359-1654724689.png?lm=1,,1
Santos FC,,Zé Ivaldo,2,Zagueiro,Brasil,https://img.a.transfermarkt.technology/portrait/medium/484848-1554731403.jpg?lm=1,,1
Santos FC,,Basso,3,Zagueiro,Brasil,https://img.a.transfermarkt.technology/portrait/medium/410183-1706144424.jpg?lm=1,,1
Santos FC,,Luan Peres,14,Zagueiro,Brasil,https://img.a.transfermarkt.technology/portrait/medium/347913-1696446130.png?lm=1,,1
Santos FC,,Alex,-,Zagueiro,Brasil,https://img.a.transfermarkt.technology/portrait/medium/628223-1706137111.jpg?lm=1,,1
Santos FC,,Luisão,25,Zagueiro,Brasil,https://img.a.transfermarkt.technology/portrait/medium/1093922-1678906999.jpg?lm=1,,1
Santos FC,,Gil,4,Zagueiro,Brasil,https://img.a.transfermarkt.technology/portrait/medium/101469-1523621399.jpg?lm=1,,1
Santos FC,,Souza ,33,Lateral Esquerdo,Brasil,https://img.a.transfermarkt.technology/portrait/medium/1086258-1682391277.jpg?lm=1,,1
Santos FC,,Kevyson,38,Lateral Esquerdo,Brasil,https://img.a.transfermarkt.technology/portrait/medium/1032891-1698358631.jpg?lm=1,,1
Santos FC,,Vinicius Lira,30,Lateral Esquerdo,Brasil,https://img.a.transfermarkt.technology/portrait/medium/1253844-1744746249.jpg?lm=1,,1
Santos FC,,Gonzalo Escobar,31,Lateral Esquerdo,Argentina,https://img.a.transfermarkt.technology/portrait/medium/440377-1629567508.jpg?lm=1,,1
Santos FC,,JP Chermont,44,Lateral Direito,Brasil,https://img.a.transfermarkt.technology/portrait/medium/1089955-1682389631.jpg?lm=1,,1
Santos FC,,Leonardo Godoy,29,Lateral Direito,Argentina,https://img.a.transfermarkt.technology/portrait/medium/369556-1636584822.JPG?lm=1,,1
Santos FC,,Aderlan ,13,Lateral Direito,Brasil,https://img.a.transfermarkt.technology/portrait/medium/101506-1623761103.jpg?lm=1,,1
Santos FC,,João Schmidt,5,Volante,Brasil,https://img.a.transfermarkt.technology/portrait/medium/198859-1706144078.jpg?lm=1,,1
Santos FC,,Tomás Rincón,8,Volante,Venezuela,https://img.a.transfermarkt.technology/portrait/medium/75942-1661350808.jpg?lm=1,,1
Santos FC,,Zé Rafael ,8,Meia Central,Brasil,https://img.a.transfermarkt.technology/portrait/medium/225432-1543841602.jpg?lm=1,,1
Santos FC,,Gabriel Bontempo,49,Meia Central,Brasil,https://img.a.transfermarkt.technology/portrait/medium/1089958-1743040770.jpg?lm=1,,1
Santos FC,,Diego Pituca ,21,Meia Central,Brasil,https://img.a.transfermarkt.technology/portrait/medium/546000-1571742269.jpg?lm=1,,1
Santos FC,,Hyan ,14,Meia Central,Brasil,https://img.a.transfermarkt.technology/portrait/medium/1082852-1744746424.jpg?lm=1,,1
Santos FC,,Álvaro Barreal,22,"	Álvaro Barreal,1
Meia Esquerda",Argentina,https://img.a.transfermarkt.technology/portrait/medium/613873-1709401095.jpg?lm=1,,1
Santos FC,,Thaciano,16,Meia Ofensivo,Brasil,https://img.a.transfermarkt.technology/portrait/medium/392487-1725393041.jpg?lm=1,,1
Santos FC,,Neymar ,10,Ponta Esquerda,Brasil,https://img.a.transfermarkt.technology/portrait/medium/68290-1692601435.jpg?lm=1,,1
Santos FC,,Yeferson Soteldo,7,Ponta Esquerda,Venezuela,https://img.a.transfermarkt.technology/portrait/medium/312294-1647975597.jpg?lm=1,,1
Santos FC,,Guilherme,11,Ponta Esquerda,Brasil,https://img.a.transfermarkt.technology/portrait/medium/444920-1706143667.jpg?lm=1,,1
Santos FC,,Mateus Xavier,41,Ponta Esquerda,Brasil,https://img.a.transfermarkt.technology/portrait/medium/1220141-1744746525.jpg?lm=1,,1
Santos FC,,Benjamín Rollheiser,32,Ponta Direita,Argentina,https://img.a.transfermarkt.technology/portrait/medium/491704-1725535826.jpg?lm=1,,1
Santos FC,,Gabriel Veron,70,Ponta Direita,Brasil,https://img.a.transfermarkt.technology/portrait/medium/627221-1669112552.png?lm=1,,1
Santos FC,,Deivid Washington,36,Centroavante,Brasil,https://img.a.transfermarkt.technology/portrait/medium/1082850-1682776110.jpg?lm=1,,1
Santos FC,,Tiquinho Soares,9,Centroavante,Brasil,https://img.a.transfermarkt.technology/portrait/medium/103381-1542106367.png?lm=1,,1
Santos FC,,Luca Meirelles,79,Centroavante,Brasil,https://img.a.transfermarkt.technology/portrait/medium/1220143-1744746617.jpg?lm=1,,1
Santos FC,,Julio Furch,9,Centroavante,Argentina,https://img.a.transfermarkt.technology/portrait/medium/149393-1706138259.jpg?lm=1,,1
Atlético Mineiro,,Everson,22,Goleiro,Brasil,https://img.a.transfermarkt.technology/portrait/medium/106032-1686575213.jpg?lm=1,,1
Atlético Mineiro,,Gabriel Delfim,1,Goleiro,Brasil,https://img.a.transfermarkt.technology/portrait/medium/978121-1662410099.jpg?lm=1,,1
Atlético Mineiro,,Gabriel Átila,32,Goleiro,Brasil,https://img.a.transfermarkt.technology/portrait/medium/default.jpg?lm=1,,1
Atlético Mineiro,,Lyanco,4,Zagueiro,Brasil,https://img.a.transfermarkt.technology/portrait/medium/379807-1595859618.jpg?lm=1,,1
Atlético Mineiro,,Júnior Alonso,6,Zagueiro,Paraguai,https://img.a.transfermarkt.technology/portrait/medium/273000-1675329607.png?lm=1,,1
Atlético Mineiro,,Igor Rabello ,16,Zagueiro,Brasil,https://img.a.transfermarkt.technology/portrait/medium/341701-1613387269.jpg?lm=1,,1
Atlético Mineiro,,Iván Román,23,Zagueiro,Chile,https://img.a.transfermarkt.technology/portrait/medium/1101447-1715820525.jpg?lm=1,,1
Atlético Mineiro,,Vitor Hugo,14,Zagueiro,Brasil,https://img.a.transfermarkt.technology/portrait/medium/149752-1630527249.png?lm=1,,1
Atlético Mineiro,,Rômulo,47,Zagueiro,Brasil,https://img.a.transfermarkt.technology/portrait/medium/default.jpg?lm=1,,1
Atlético Mineiro,,Guilherme Arana,13,Lateral Esquerdo,Brasil,https://img.a.transfermarkt.technology/portrait/medium/346766-1719653784.jpg?lm=1,,1
Atlético Mineiro,,Rubens,44,Lateral Esquerdo,Brasil,https://img.a.transfermarkt.technology/portrait/medium/843397-1662404671.jpg?lm=1,,1
Atlético Mineiro,,Caio Paulista,38,Lateral Esquerdo,Brasil,https://img.a.transfermarkt.technology/portrait/medium/601011-1597996108.jpg?lm=1,,1
Atlético Mineiro,,Natanael,2,Lateral Direito,Brasil,https://img.a.transfermarkt.technology/portrait/medium/740295-1662692660.jpg?lm=1,,1
Atlético Mineiro,,Renzo Saravia,26,Lateral Direito,Argentina,https://img.a.transfermarkt.technology/portrait/medium/268642-1582712834.png?lm=1,,1
Atlético Mineiro,,Fausto Vera,8,Volante,Argentina,https://img.a.transfermarkt.technology/portrait/medium/491701-1558510727.png?lm=1,,1
Atlético Mineiro,,Patrick,20,Volante,Brasil,https://img.a.transfermarkt.technology/portrait/medium/1082625-1670980886.jpg?lm=1,,1
Atlético Mineiro,,Gabriel Menino,25,Meia Central,Brasil,https://img.a.transfermarkt.technology/portrait/medium/608216-1694617874.jpg?lm=1,,1
Atlético Mineiro,,Alan Franco ,21,Meia Central,Equador,https://img.a.transfermarkt.technology/portrait/medium/400960-1719230549.jpg?lm=1,,1
Atlético Mineiro,,Gustavo Scarpa,10,Meia Ofensivo,Brasil,https://img.a.transfermarkt.technology/portrait/medium/330085-1671798544.jpg?lm=1,,1
Atlético Mineiro,,Igor Gomes,17,Meia Ofensivo,Brasil,https://img.a.transfermarkt.technology/portrait/medium/553459-1709690092.jpg?lm=1,,1
Atlético Mineiro,,Tomás Cuello,28,Ponta Esquerda,Argentina,https://img.a.transfermarkt.technology/portrait/medium/503052-1713627726.jpg?lm=1,,1
Atlético Mineiro,,Bernard,11,Ponta Esquerda,Brasil,https://img.a.transfermarkt.technology/portrait/medium/175169-1520412519.jpg?lm=1,,1
Atlético Mineiro,,Júnior Santos ,37,Ponta Direita,Brasil,https://img.a.transfermarkt.technology/portrait/medium/592347-1597134045.jpg?lm=1,,1
Atlético Mineiro,,Brahian Palacios ,30,Ponta Direita,Colômbia,https://img.a.transfermarkt.technology/portrait/medium/989925-1708532639.JPG?lm=1,,1
Atlético Mineiro,,Rony,33,Centroavante,Brasil,https://img.a.transfermarkt.technology/portrait/medium/371009-1582109366.jpg?lm=1,,1
Atlético Mineiro,,João Marcelo,19,Centroavante,Brasil,https://img.a.transfermarkt.technology/portrait/medium/1344099-1739442252.jpg?lm=1,,1
Atlético Mineiro,,Hulk ,7,Centroavante,Brasil,https://img.a.transfermarkt.technology/portrait/medium/80562-1563436073.jpg?lm=1,,1
Atlético Mineiro,,Cadu ,42,Centroavante,Brasil,https://img.a.transfermarkt.technology/portrait/medium/1083073-1682801227.jpg?lm=1,,1
EC Bahia,,Marcos Felipe,22,Goleiro,Brasil,https://img.a.transfermarkt.technology/portrait/medium/283166-1598861509.jpg?lm=1,,1
EC Bahia,,Ronaldo,96,Goleiro,Brasil,https://img.a.transfermarkt.technology/portrait/medium/387925-1543832595.jpg?lm=1,,1
EC Bahia,,Danilo Fernandes,1,Goleiro,Brasil,https://img.a.transfermarkt.technology/portrait/medium/99439-1523613396.jpg?lm=1,,1
EC Bahia,,Gabriel Souza,43,Goleiro,Brasil,https://img.a.transfermarkt.technology/portrait/medium/994229-1664824577.jpg?lm=1,,1
EC Bahia,,Santiago Ramos Mingo,21,Zagueiro,Argentina,https://img.a.transfermarkt.technology/portrait/medium/688593-1580982409.jpg?lm=1,,1
EC Bahia,,Gabriel Xavier ,3,Zagueiro,Brasil,https://img.a.transfermarkt.technology/portrait/medium/740501-1660518590.jpg?lm=1,,1
EC Bahia,,Kanu,4,Zagueiro,Brasil,https://img.a.transfermarkt.technology/portrait/medium/524446-1597923860.jpg?lm=1,,1
EC Bahia,,David Duarte,33,Zagueiro,Brasil,https://img.a.transfermarkt.technology/portrait/medium/373446-1599723818.jpg?lm=1,,1
EC Bahia,,Iago ,25,Lateral Esquerdo,Brasil,https://img.a.transfermarkt.technology/portrait/medium/520468-1658599684.jpg?lm=1,,1
EC Bahia,,Luciano Juba,46,Lateral Esquerdo,Brasil,https://img.a.transfermarkt.technology/portrait/medium/676035-1694193133.jpg?lm=1,,1
EC Bahia,,Gilberto,2,Lateral Direito,Brasil,https://img.a.transfermarkt.technology/portrait/medium/231614-1603795306.jpg?lm=1,,1
EC Bahia,,Santiago Arias,13,Lateral Direito,Colômbia,https://img.a.transfermarkt.technology/portrait/medium/120443-1678121461.jpg?lm=1,,1
EC Bahia,,André Dhominique,-,Lateral Direito,Brasil,https://img.a.transfermarkt.technology/portrait/medium/959171-1660519023.jpg?lm=1,,1
EC Bahia,,Caio Alexandre,19,Volante,Brasil,https://img.a.transfermarkt.technology/portrait/medium/727751-1630778955.png?lm=1,,1
EC Bahia,,Erick,14,Volante,Brasil,https://img.a.transfermarkt.technology/portrait/medium/633212-1598603032.jpg?lm=1,,1
EC Bahia,,Nicolás Acevedo,26,Volante,Uruguai,https://img.a.transfermarkt.technology/portrait/medium/625569-1618691894.jpg?lm=1,,1
EC Bahia,,Rezende,5,Volante,Brasil,https://img.a.transfermarkt.technology/portrait/medium/793815-1626627110.jpg?lm=1,,1
EC Bahia,,Jean Lucas,6,Meia Central,Brasil,https://img.a.transfermarkt.technology/portrait/medium/578872-1666691882.jpg?lm=1,,1
EC Bahia,,Rodrigo Nestor,11,Meia Central,Brasil,https://img.a.transfermarkt.technology/portrait/medium/468304-1690483898.jpg?lm=1,,1
EC Bahia,,Léo Cittadini,-,Meia Central,Brasil,https://img.a.transfermarkt.technology/portrait/medium/187210-1533824279.jpg?lm=1,,1
EC Bahia,,Cauly,8,Meia Ofensivo,Brasil,https://img.a.transfermarkt.technology/portrait/medium/162812-1622913414.png?lm=1,,1
EC Bahia,,Everton Ribeiro ,10,Meia Ofensivo,Brasil,https://img.a.transfermarkt.technology/portrait/medium/52896-1610006872.jpg?lm=1,,1
EC Bahia,,Erick Pulga,16,Ponta Esquerda,Brasil,https://img.a.transfermarkt.technology/portrait/medium/936544-1706875369.jpg?lm=1,,1
EC Bahia,,Michel Araújo ,15,Ponta Esquerda,Uruguai,https://img.a.transfermarkt.technology/portrait/medium/482144-1660571445.jpg?lm=1,,1
EC Bahia,,Kayky,37,Ponta Direita,Brasil,https://img.a.transfermarkt.technology/portrait/medium/668265-1618220631.jpg?lm=1,,1
EC Bahia,,Ademir,7,Ponta Direita,Brasil,https://img.a.transfermarkt.technology/portrait/medium/544259-1606987987.jpg?lm=1,,1
EC Bahia,,Luciano Rodríguez ,17,Centroavante,Uruguai,https://img.a.transfermarkt.technology/portrait/medium/856143-1718703439.jpg?lm=1,,1
EC Bahia,,Willian José,12,Centroavante,Brasil,https://img.a.transfermarkt.technology/portrait/medium/122155-1720075360.png?lm=1,,1
EC Bahia,,Tiago,77,"	Tiago,1
Atacante",Brasil,https://img.a.transfermarkt.technology/portrait/medium/default.jpg?lm=1,,1
Cruzeiro EC,,Cássio,1,Goleiro,Brasil,https://img.a.transfermarkt.technology/portrait/medium/50144-1458293316.jpg?lm=1,,1
Cruzeiro EC,,Léo Aragão,41,Goleiro,Brasil,https://img.a.transfermarkt.technology/portrait/medium/1022342-1682957668.jpg?lm=1,,1
Cruzeiro EC,,Otávio Costa,81,Goleiro,Brasil,https://img.a.transfermarkt.technology/portrait/medium/default.jpg?lm=1,,1
Cruzeiro EC,,Fabrício Bruno,15,Zagueiro,Brasil,https://img.a.transfermarkt.technology/portrait/medium/432773-1744743199.jpg?lm=1,,1
Cruzeiro EC,,João Marcelo ,43,Zagueiro,Brasil,https://img.a.transfermarkt.technology/portrait/medium/744024-1697289524.jpg?lm=1,,1
Cruzeiro EC,,Mateo Gamarra,14,Zagueiro,Paraguai,https://img.a.transfermarkt.technology/portrait/medium/661245-1719453556.jpg?lm=1,,1
Cruzeiro EC,,Lucas Villalba,25,Zagueiro,Argentina,https://img.a.transfermarkt.technology/portrait/medium/240913-1636584488.JPG?lm=1,,1
Cruzeiro EC,,Jonathan Jesus,34,Zagueiro,Brasil,https://img.a.transfermarkt.technology/portrait/medium/default.jpg?lm=1,,1
Cruzeiro EC,,Kaiki,6,Lateral Esquerdo,Brasil,https://img.a.transfermarkt.technology/portrait/medium/879217-1678847563.jpg?lm=1,,1
Cruzeiro EC,,William,12,Lateral Direito,Brasil,https://img.a.transfermarkt.technology/portrait/medium/341710-1643899558.JPG?lm=1,,1
Cruzeiro EC,,Fagner,23,Lateral Direito,Brasil,https://img.a.transfermarkt.technology/portrait/medium/47592-1512665647.jpg?lm=1,,1
Cruzeiro EC,,Walace,5,Volante,Brasil,https://img.a.transfermarkt.technology/portrait/medium/323954-1661511672.jpg?lm=1,,1
Cruzeiro EC,,Lucas Romero,29,Volante,Argentina,https://img.a.transfermarkt.technology/portrait/medium/242201-1635923213.JPG?lm=1,,1
Cruzeiro EC,,Lucas Silva ,16,Volante,Brasil,https://img.a.transfermarkt.technology/portrait/medium/218118-1547648251.jpg?lm=1,,1
Cruzeiro EC,,Matheus Henrique ,8,Meia Central,Brasil,https://img.a.transfermarkt.technology/portrait/medium/552549-1692883035.jpg?lm=1,,1
Cruzeiro EC,,Christian,88,Meia Central,Brasil,https://img.a.transfermarkt.technology/portrait/medium/658678-1725392553.jpg?lm=1,,1
Cruzeiro EC,,Japa ,77,Meia Central,Brasil,https://img.a.transfermarkt.technology/portrait/medium/432157-1708568681.jpg?lm=1,,1
Cruzeiro EC,,Matheus Pereira ,10,Meia Ofensivo,Brasil,https://img.a.transfermarkt.technology/portrait/medium/225984-1697289790.jpg?lm=1,,1
Cruzeiro EC,,Eduardo,21,Meia Ofensivo,Brasil,https://img.a.transfermarkt.technology/portrait/medium/110078-1682522098.jpg?lm=1,,1
Cruzeiro EC,,Wanderson,94,Ponta Esquerda,Brasil,https://img.a.transfermarkt.technology/portrait/medium/236202-1574609625.png?lm=1,,1
Cruzeiro EC,,Dudu,7,Ponta Esquerda,Brasil,https://img.a.transfermarkt.technology/portrait/medium/114937-1483707641.jpg?lm=1,,1
Cruzeiro EC,,Rodriguinho,75,Ponta Esquerda,Brasil,https://img.a.transfermarkt.technology/portrait/medium/977463-1682804235.jpg?lm=1,,1
Cruzeiro EC,,Yannick Bolasie ,11,Ponta Esquerda,RD do Congo,https://img.a.transfermarkt.technology/portrait/medium/75471-1663954867.png?lm=1,,1
Cruzeiro EC,,Marquinhos,17,Ponta Direita,Brasil,https://img.a.transfermarkt.technology/portrait/medium/668268-1704213776.jpg?lm=1,,1
Cruzeiro EC,,Gabriel Barbosa,9,Centroavante,Brasil,https://img.a.transfermarkt.technology/portrait/medium/244275-1660003081.jpg?lm=1,,1
Cruzeiro EC,,Kaio Jorge,19,Centroavante,Brasil,https://img.a.transfermarkt.technology/portrait/medium/620477-1693289628.jpg?lm=1,,1
Cruzeiro EC,,Juan Dinenno ,99,Centroavante,Argentina,https://img.a.transfermarkt.technology/portrait/medium/288786-1672433511.jpg?lm=1,,1
Cruzeiro EC,,Lautaro Díaz,26,Centroavante,Argentina,https://img.a.transfermarkt.technology/portrait/medium/720294-1656692571.JPG?lm=1,,1
CR Vasco da Gama,,Léo Jardim,1,Goleiro,Brasil,https://img.a.transfermarkt.technology/portrait/medium/288415-1744073496.jpg?lm=1,,1
CR Vasco da Gama,,Daniel Fuzato,13,Goleiro,Brasil,https://img.a.transfermarkt.technology/portrait/medium/438682-1696862993.jpg?lm=1,,1
CR Vasco da Gama,,Alexander,-,Goleiro,Brasil,https://img.a.transfermarkt.technology/portrait/medium/668799-1649401477.jpg?lm=1,,1
CR Vasco da Gama,,Pablo,37,Goleiro,Brasil,https://img.a.transfermarkt.technology/portrait/medium/1083887-1706619847.jpg?lm=1,,1
CR Vasco da Gama,,João Victor,38,Zagueiro,Brasil,https://img.a.transfermarkt.technology/portrait/medium/671145-1661241753.jpg?lm=1,,1
CR Vasco da Gama,,Mauricio Lemos ,4,Zagueiro,Uruguai,https://img.a.transfermarkt.technology/portrait/medium/303140-1744073265.jpg?lm=1,,1
CR Vasco da Gama,,Lucas Oliveira,29,Zagueiro,Brasil,https://img.a.transfermarkt.technology/portrait/medium/592373-1634632889.jpg?lm=1,,1
CR Vasco da Gama,,Manuel Capasso,22,Zagueiro,Argentina,https://img.a.transfermarkt.technology/portrait/medium/653152-1715628946.jpg?lm=1,,1
CR Vasco da Gama,,Lucas Freitas,43,Zagueiro,Brasil,https://img.a.transfermarkt.technology/portrait/medium/809716-1706618899.png?lm=1,,1
CR Vasco da Gama,,Souza,5,Zagueiro,Brasil,https://img.a.transfermarkt.technology/portrait/medium/73741-1712671488.png?lm=1,,1
CR Vasco da Gama,,Lucas Piton,6,Lateral Esquerdo,Itália,https://img.a.transfermarkt.technology/portrait/medium/670201-1737731172.jpg?lm=1,,1
CR Vasco da Gama,,Riquelme,-,Lateral Esquerdo,Brasil,https://img.a.transfermarkt.technology/portrait/medium/643119-1638536498.jpg?lm=1,,1
CR Vasco da Gama,,Victor Luís,12,Lateral Esquerdo,Brasil,https://img.a.transfermarkt.technology/portrait/medium/234538-1662312905.jpg?lm=1,,1
CR Vasco da Gama,,José Luis Rodríguez ,2,Lateral Direito,Uruguai,https://img.a.transfermarkt.technology/portrait/medium/430339-1651063699.JPG?lm=1,,1
CR Vasco da Gama,,Paulo Henrique,96,Lateral Direito,Brasil,https://img.a.transfermarkt.technology/portrait/medium/412594-1661910650.jpg?lm=1,,1
CR Vasco da Gama,,Juan Sforza,20,Volante,Argentina,https://img.a.transfermarkt.technology/portrait/medium/659264-1574073945.jpg?lm=1,,1
CR Vasco da Gama,,Jair,8,Volante,Brasil,https://img.a.transfermarkt.technology/portrait/medium/239294-1662404334.jpg?lm=1,,1
CR Vasco da Gama,,Hugo Moura,25,Volante,Brasil,https://img.a.transfermarkt.technology/portrait/medium/644157-1599126459.jpg?lm=1,,1
CR Vasco da Gama,,Mateus Carvalho,85,Volante,Brasil,https://img.a.transfermarkt.technology/portrait/medium/862574-1680057655.jpg?lm=1,,1
CR Vasco da Gama,,Tchê Tchê ,3,Meia Central,Brasil,https://img.a.transfermarkt.technology/portrait/medium/364261-1528531494.jpg?lm=1,,1
CR Vasco da Gama,,Paulinho Paula,18,Meia Central,Brasil,https://img.a.transfermarkt.technology/portrait/medium/534473-1680718125.jpg?lm=1,,1
CR Vasco da Gama,,Philippe Coutinho,11,Meia Ofensivo,Brasil,https://img.a.transfermarkt.technology/portrait/medium/80444-1640621762.jpg?lm=1,,1
CR Vasco da Gama,,Dimitri Payet,10,Meia Ofensivo,França,https://img.a.transfermarkt.technology/portrait/medium/37647-1617979644.jpg?lm=1,,1
CR Vasco da Gama,,Guilherme Estrella ,14,Meia Ofensivo,Brasil,https://img.a.transfermarkt.technology/portrait/medium/1083969-1705781572.jpg?lm=1,,1
CR Vasco da Gama,,Benjamín Garré,15,Ponta Esquerda,Argentina,https://img.a.transfermarkt.technology/portrait/medium/462977-1722144651.png?lm=1,,1
CR Vasco da Gama,,Nuno Moreira,17,Ponta Esquerda,Portugal,https://img.a.transfermarkt.technology/portrait/medium/461937-1729963502.jpg?lm=1,,1
CR Vasco da Gama,,Jean Meneses,21,Ponta Esquerda,Chile,https://img.a.transfermarkt.technology/portrait/medium/217228-1558355189.png?lm=1,,1
CR Vasco da Gama,,David ,7,Ponta Esquerda,Brasil,https://img.a.transfermarkt.technology/portrait/medium/373189-1597912752.jpg?lm=1,,1
CR Vasco da Gama,,Rayan,77,Ponta Direita,Brasil,https://img.a.transfermarkt.technology/portrait/medium/1012564-1729116592.jpg?lm=1,,1
CR Vasco da Gama,,Adson,28,Ponta Direita,Brasil,https://img.a.transfermarkt.technology/portrait/medium/868891-1704213480.jpg?lm=1,,1
CR Vasco da Gama,,Loide Augusto,45,Ponta Direita,Angola,https://img.a.transfermarkt.technology/portrait/medium/696693-1724671419.jpg?lm=1,,1
CR Vasco da Gama,,Alex Teixeira,90,"	Alex Teixeira,1
Seg. Atacante",Brasil,https://img.a.transfermarkt.technology/portrait/medium/66515-1564401694.jpg?lm=1,,1
CR Vasco da Gama,,Pablo Vegetti ,99,Centroavante,Argentina,https://img.a.transfermarkt.technology/portrait/medium/334229-1694903119.jpg?lm=1,,1
São Paulo FC,,Rafael,23,Goleiro,Brasil,https://img.a.transfermarkt.technology/portrait/medium/68097-1583846986.jpg?lm=1,,1
São Paulo FC,,Jandrei,93,Goleiro,Brasil,https://img.a.transfermarkt.technology/portrait/medium/512344-1625043006.jpg?lm=1,,1
São Paulo FC,,Young ,50,Goleiro,Brasil,https://img.a.transfermarkt.technology/portrait/medium/default.jpg?lm=1,,1
São Paulo FC,,Leandro Mathias,12,Goleiro,Brasil,https://img.a.transfermarkt.technology/portrait/medium/default.jpg?lm=1,,1
São Paulo FC,,Alan Franco,28,Zagueiro,Argentina,https://img.a.transfermarkt.technology/portrait/medium/503343-1645994651.JPG?lm=1,,1
São Paulo FC,,Nahuel Ferraresi,32,Zagueiro,Venezuela,https://img.a.transfermarkt.technology/portrait/medium/466336-1623405683.jpg?lm=1,,1
São Paulo FC,,Ruan,22,Zagueiro,Brasil,https://img.a.transfermarkt.technology/portrait/medium/555015-1695028065.jpg?lm=1,,1
São Paulo FC,,Robert Arboleda,5,Zagueiro,Equador,https://img.a.transfermarkt.technology/portrait/medium/139867-1668498219.jpg?lm=1,,1
São Paulo FC,,Sabino,35,Zagueiro,Brasil,https://img.a.transfermarkt.technology/portrait/medium/546033-1682388671.jpg?lm=1,,1
São Paulo FC,,Matheus Belém,-,Zagueiro,Brasil,https://img.a.transfermarkt.technology/portrait/medium/default.jpg?lm=1,,1
São Paulo FC,,Igão,34,Zagueiro,Brasil,https://img.a.transfermarkt.technology/portrait/medium/default.jpg?lm=1,,1
São Paulo FC,,Wendell,18,Lateral Esquerdo,Brasil,https://img.a.transfermarkt.technology/portrait/medium/228433-1669115150.png?lm=1,,1
São Paulo FC,,Enzo Díaz,13,Lateral Esquerdo,Argentina,https://img.a.transfermarkt.technology/portrait/medium/540458-1693314874.png?lm=1,,1
São Paulo FC,,Patryck,36,Lateral Esquerdo,Brasil,https://img.a.transfermarkt.technology/portrait/medium/662326-1572442740.png?lm=1,,1
São Paulo FC,,Igor Vinícius,2,Lateral Direito,Brasil,https://img.a.transfermarkt.technology/portrait/medium/552240-1744743744.jpg?lm=1,,1
São Paulo FC,,Cédric Soares,6,Lateral Direito,Portugal,https://img.a.transfermarkt.technology/portrait/medium/112988-1700670607.jpg?lm=1,,1
São Paulo FC,,Pablo Maia ,29,Volante,Brasil,https://img.a.transfermarkt.technology/portrait/medium/892089-1709321103.jpg?lm=1,,1
São Paulo FC,,Luan Santos,-,Volante,Brasil,https://img.a.transfermarkt.technology/portrait/medium/574904-1598537274.jpg?lm=1,,1
São Paulo FC,,Felipe Negrucci,43,Volante,Brasil,https://img.a.transfermarkt.technology/portrait/medium/default.jpg?lm=1,,1
São Paulo FC,,Luiz Gustavo ,16,Volante,Brasil,https://img.a.transfermarkt.technology/portrait/medium/10471-1566826643.jpg?lm=1,,1
São Paulo FC,,Marcos Antônio,20,Meia Central,Brasil,https://img.a.transfermarkt.technology/portrait/medium/468301-1694781134.png?lm=1,,1
São Paulo FC,,Rodriguinho,15,Meia Central,Brasil,https://img.a.transfermarkt.technology/portrait/medium/743593-1690218912.jpg?lm=1,,1
São Paulo FC,,Damián Bobadilla,21,Meia Central,Paraguai,https://img.a.transfermarkt.technology/portrait/medium/861852-1702423426.jpg?lm=1,,1
São Paulo FC,,Alisson,25,Meia Central,Brasil,https://img.a.transfermarkt.technology/portrait/medium/229736-1721350446.jpg?lm=1,,1
São Paulo FC,,Liziero,-,Meia Central,Brasil,https://img.a.transfermarkt.technology/portrait/medium/401526-1531496363.jpg?lm=1,,1
São Paulo FC,,Pedro Vilhena,-,Meia Central,Brasil,https://img.a.transfermarkt.technology/portrait/medium/729263-1706223531.jpg?lm=1,,1
São Paulo FC,,Oscar ,8,Meia Ofensivo,Brasil,https://img.a.transfermarkt.technology/portrait/medium/85314-1563435929.jpg?lm=1,,1
São Paulo FC,,Matheus Alves,47,Meia Ofensivo,Brasil,https://img.a.transfermarkt.technology/portrait/medium/default.jpg?lm=1,,1
São Paulo FC,,Ferreirinha,11,Ponta Esquerda,Brasil,https://img.a.transfermarkt.technology/portrait/medium/689017-1607329716.jpg?lm=1,,1
São Paulo FC,,Lucas Ferreira,48,Ponta Esquerda,Brasil,https://img.a.transfermarkt.technology/portrait/medium/default.jpg?lm=1,,1
São Paulo FC,,Lucas Moura ,7,Ponta Direita,Brasil,https://img.a.transfermarkt.technology/portrait/medium/77100-1654164113.jpg?lm=1,,1
São Paulo FC,,Henrique Carmo,37,Ponta Direita,Brasil,https://img.a.transfermarkt.technology/portrait/medium/default.jpg?lm=1,,1
São Paulo FC,,Luciano,10,"	Luciano,1
Seg. Atacante",Brasil,https://img.a.transfermarkt.technology/portrait/medium/223560-1490622723.jpg?lm=1,,1
São Paulo FC,,André Silva,17,Centroavante,Brasil,https://img.a.transfermarkt.technology/portrait/medium/565232-1695208367.jpg?lm=1,,1
São Paulo FC,,Ryan Francisco,49,Centroavante,Brasil,https://img.a.transfermarkt.technology/portrait/medium/1202387-1741354023.jpg?lm=1,,1
São Paulo FC,,Jonathan Calleri,9,Centroavante,Argentina,https://img.a.transfermarkt.technology/portrait/medium/284727-1738840512.jpg?lm=1,,1
Fluminense FC,,Vitor Eudes,98,Goleiro,Brasil,https://img.a.transfermarkt.technology/portrait/medium/590039-1674434516.jpg?lm=1,,1
Fluminense FC,,Marcelo Pitaluga,27,Goleiro,Brasil,https://img.a.transfermarkt.technology/portrait/medium/662334-1702632542.jpg?lm=1,,1
Fluminense FC,,Fábio,1,Goleiro,Brasil,https://img.a.transfermarkt.technology/portrait/medium/22415-1674434950.jpg?lm=1,,1
Fluminense FC,,Gustavo Ramalho,50,Goleiro,Brasil,https://img.a.transfermarkt.technology/portrait/medium/default.jpg?lm=1,,1
Fluminense FC,,Ignácio,4,Zagueiro,Brasil,https://img.a.transfermarkt.technology/portrait/medium/624291-1721252131.jpg?lm=1,,1
Fluminense FC,,Juan Pablo Freytes,22,Zagueiro,Argentina,https://img.a.transfermarkt.technology/portrait/medium/628750-1706026716.jpg?lm=1,,1
Fluminense FC,,Thiago Silva ,3,Zagueiro,Brasil,https://img.a.transfermarkt.technology/portrait/medium/29241-1661856081.jpg?lm=1,,1
Fluminense FC,,Manoel,26,Zagueiro,Brasil,https://img.a.transfermarkt.technology/portrait/medium/113586-1580738457.png?lm=1,,1
Fluminense FC,,Thiago Santos,29,Zagueiro,Brasil,https://img.a.transfermarkt.technology/portrait/medium/346922-1583514877.jpg?lm=1,,1
Fluminense FC,,Gabriel Fuentes ,12,Lateral Esquerdo,Colômbia,https://img.a.transfermarkt.technology/portrait/medium/480686-1733792686.jpg?lm=1,,1
Fluminense FC,,Renê,6,Lateral Esquerdo,Brasil,https://img.a.transfermarkt.technology/portrait/medium/212209-1543846645.jpg?lm=1,,1
Fluminense FC,,Guga ,23,Lateral Direito,Brasil,https://img.a.transfermarkt.technology/portrait/medium/592344-1662403483.jpg?lm=1,,1
Fluminense FC,,Samuel Xavier,2,Lateral Direito,Brasil,https://img.a.transfermarkt.technology/portrait/medium/198250-1553781604.jpg?lm=1,,1
Fluminense FC,,Otávio ,94,Volante,Brasil,https://img.a.transfermarkt.technology/portrait/medium/312314-1596559053.jpg?lm=1,,1
Fluminense FC,,Facundo Bernal,5,Volante,Uruguai,https://img.a.transfermarkt.technology/portrait/medium/898350-1721081696.jpg?lm=1,,1
Fluminense FC,,Wallace Davi,55,Volante,Brasil,https://img.a.transfermarkt.technology/portrait/medium/default.jpg?lm=1,,1
Fluminense FC,,Martinelli,8,Meia Central,Brasil,https://img.a.transfermarkt.technology/portrait/medium/815558-1683291861.jpg?lm=1,,1
Fluminense FC,,Hércules,35,Meia Central,Brasil,https://img.a.transfermarkt.technology/portrait/medium/982617-1684807166.jpg?lm=1,,1
Fluminense FC,,Nonato,-,Meia Central,Brasil,https://img.a.transfermarkt.technology/portrait/medium/546172-1663305649.jpg?lm=1,,1
Fluminense FC,,Renato Augusto ,7,Meia Central,Brasil,https://img.a.transfermarkt.technology/portrait/medium/53058-1509544256.jpg?lm=1,,1
Fluminense FC,,Victor Hugo,20,Meia Central,Brasil,https://img.a.transfermarkt.technology/portrait/medium/1045599-1660704402.jpg?lm=1,,1
Fluminense FC,,Gustavo Apis,-,Meia Central,Brasil,https://img.a.transfermarkt.technology/portrait/medium/default.jpg?lm=1,,1
Fluminense FC,,Rubén Lezcano,18,Meia Ofensivo,Paraguai,https://img.a.transfermarkt.technology/portrait/medium/1039533-1732239770.png?lm=1,,1
Fluminense FC,,Lima,45,Meia Ofensivo,Brasil,https://img.a.transfermarkt.technology/portrait/medium/387611-1732647367.jpg?lm=1,,1
Fluminense FC,,Ganso,10,Meia Ofensivo,Brasil,https://img.a.transfermarkt.technology/portrait/medium/67920-1462894569.jpg?lm=1,,1
Fluminense FC,,Isaque ,37,Meia Ofensivo,Brasil,https://img.a.transfermarkt.technology/portrait/medium/default.jpg?lm=1,,1
Fluminense FC,,Agustín Canobbio,17,Ponta Esquerda,Uruguai,https://img.a.transfermarkt.technology/portrait/medium/457533-1713630231.jpg?lm=1,,1
Fluminense FC,,Joaquín Lavega,19,Ponta Esquerda,Uruguai,https://img.a.transfermarkt.technology/portrait/medium/895926-1720819944.jpg?lm=1,,1
Fluminense FC,,Keno,11,Ponta Esquerda,Brasil,https://img.a.transfermarkt.technology/portrait/medium/346065-1725327878.jpg?lm=1,,1
Fluminense FC,,Paulo Baya,77,Ponta Esquerda,Brasil,https://img.a.transfermarkt.technology/portrait/medium/853529-1706226602.jpg?lm=1,,1
Fluminense FC,,Jhon Arias,21,Ponta Direita,Colômbia,https://img.a.transfermarkt.technology/portrait/medium/588989-1719245400.jpg?lm=1,,1
Fluminense FC,,Riquelme ,28,Ponta Direita,Brasil,https://img.a.transfermarkt.technology/portrait/medium/1219749-1743026888.jpg?lm=1,,1
Fluminense FC,,Kevin Serna,90,Ponta Direita,Colômbia,https://img.a.transfermarkt.technology/portrait/medium/745927-1706027052.jpg?lm=1,,1
Fluminense FC,,Germán Cano,14,Centroavante,Argentina,https://img.a.transfermarkt.technology/portrait/medium/54590-1701505203.jpg?lm=1,,1
Fluminense FC,,Everaldo,9,Centroavante,Brasil,https://img.a.transfermarkt.technology/portrait/medium/205041-1684595619.jpg?lm=1,,1
RB Bragantino,,Cleiton ,1,Goleiro,Brasil,https://img.a.transfermarkt.technology/portrait/medium/468247-1553769368.jpg?lm=1,,1
RB Bragantino,,Lucão,40,Goleiro,Brasil,https://img.a.transfermarkt.technology/portrait/medium/412372-1717523097.jpg?lm=1,,1
RB Bragantino,,Fabrício,37,Goleiro,Brasil,https://img.a.transfermarkt.technology/portrait/medium/722457-1682527585.jpg?lm=1,,1
RB Bragantino,,Pedro Henrique,14,Zagueiro,Brasil,https://img.a.transfermarkt.technology/portrait/medium/329720-1580198653.jpg?lm=1,,1
RB Bragantino,,Guzmán Rodríguez,2,Zagueiro,Uruguai,https://img.a.transfermarkt.technology/portrait/medium/732899-1721245448.jpg?lm=1,,1
RB Bragantino,,Douglas Mendes,39,Zagueiro,Brasil,https://img.a.transfermarkt.technology/portrait/medium/921863-1693045320.png?lm=1,,1
RB Bragantino,,Eduardo,3,Zagueiro,Brasil,https://img.a.transfermarkt.technology/portrait/medium/564546-1666193391.png?lm=1,,1
RB Bragantino,,Juninho Capixaba,29,Lateral Esquerdo,Brasil,https://img.a.transfermarkt.technology/portrait/medium/406676-1717523708.jpg?lm=1,,1
RB Bragantino,,Guilherme Lopes,31,Lateral Esquerdo,Brasil,https://img.a.transfermarkt.technology/portrait/medium/678502-1717523962.jpg?lm=1,,1
RB Bragantino,,Agustín Sant'Anna ,32,Lateral Direito,Uruguai,https://img.a.transfermarkt.technology/portrait/medium/400661-1721919847.png?lm=1,,1
RB Bragantino,,José Andrés Hurtado,34,Lateral Direito,Equador,https://img.a.transfermarkt.technology/portrait/medium/680506-1623343517.jpg?lm=1,,1
RB Bragantino,,Nathan Mendes ,45,Lateral Direito,Brasil,https://img.a.transfermarkt.technology/portrait/medium/887801-1662692466.jpg?lm=1,,1
RB Bragantino,,Fabinho ,5,Volante,Brasil,https://img.a.transfermarkt.technology/portrait/medium/627230-1660908217.jpg?lm=1,,1
RB Bragantino,,Matheus Fernandes ,35,Volante,Brasil,https://img.a.transfermarkt.technology/portrait/medium/351892-1717523861.jpg?lm=1,,1
RB Bragantino,,Gabriel,6,Volante,Brasil,https://img.a.transfermarkt.technology/portrait/medium/213606-1542110736.jpg?lm=1,,1
RB Bragantino,,Eric Ramires,7,Meia Central,Brasil,https://img.a.transfermarkt.technology/portrait/medium/614328-1662650922.jpg?lm=1,,1
RB Bragantino,,Praxedes,-,Meia Central,Brasil,https://img.a.transfermarkt.technology/portrait/medium/574765-1662650599.jpg?lm=1,,1
RB Bragantino,,Gustavo Neves,22,Meia Central,Brasil,https://img.a.transfermarkt.technology/portrait/medium/1084081-1713627870.jpg?lm=1,,1
RB Bragantino,,João Neto,21,Meia Central,Brasil,https://img.a.transfermarkt.technology/portrait/medium/564919-1655898829.jpg?lm=1,,1
RB Bragantino,,Jhon Jhon,10,Meia Ofensivo,Brasil,https://img.a.transfermarkt.technology/portrait/medium/964582-1670981443.jpg?lm=1,,1
RB Bragantino,,Vitinho,-,Meia Ofensivo,Brasil,https://img.a.transfermarkt.technology/portrait/medium/323944-1485420673.jpg?lm=1,,1
RB Bragantino,,Vinicinho,17,Ponta Esquerda,Brasil,https://img.a.transfermarkt.technology/portrait/medium/1082593-1717523580.jpg?lm=1,,1
RB Bragantino,,Henry Mosquera,30,Ponta Esquerda,Colômbia,https://img.a.transfermarkt.technology/portrait/medium/975191-1664300293.jpg?lm=1,,1
RB Bragantino,,Lucas Barbosa,21,Ponta Direita,Brasil,https://img.a.transfermarkt.technology/portrait/medium/816144-1654725465.jpg?lm=1,,1
RB Bragantino,,Ignacio Laquintana,33,Ponta Direita,Uruguai,https://img.a.transfermarkt.technology/portrait/medium/577407-1717523216.jpg?lm=1,,1
RB Bragantino,,Kawê,39,Ponta Direita,Brasil,https://img.a.transfermarkt.technology/portrait/medium/791721-1660514082.jpg?lm=1,,1
RB Bragantino,,Thiago Borbas,18,Centroavante,Uruguai,https://img.a.transfermarkt.technology/portrait/medium/743951-1649428213.JPG?lm=1,,1
RB Bragantino,,Isidro Pitta,9,Centroavante,Paraguai,https://img.a.transfermarkt.technology/portrait/medium/675178-1661910308.jpg?lm=1,,1
RB Bragantino,,Fernando ,11,Centroavante,Brasil,https://img.a.transfermarkt.technology/portrait/medium/550495-1722524493.png?lm=1,,1
RB Bragantino,,Eduardo Sasha,8,Centroavante,Brasil,https://img.a.transfermarkt.technology/portrait/medium/162883-1668861785.jpg?lm=1,,1
Fortaleza EC,,Brenno ,12,Goleiro,Brasil,https://img.a.transfermarkt.technology/portrait/medium/555016-1571658296.jpg?lm=1,,1
Fortaleza EC,,João Ricardo,1,Goleiro,Brasil,https://img.a.transfermarkt.technology/portrait/medium/270420-1662314871.jpg?lm=1,,1
Fortaleza EC,,Magrão,15,Goleiro,Brasil,https://img.a.transfermarkt.technology/portrait/medium/818068-1676542364.jpg?lm=1,,1
Fortaleza EC,,Gastón Ávila,32,Zagueiro,Argentina,https://img.a.transfermarkt.technology/portrait/medium/748601-1666894690.jpg?lm=1,,1
Fortaleza EC,,Benjamín Kuscevic,13,Zagueiro,Chile,https://img.a.transfermarkt.technology/portrait/medium/340840-1718986605.jpg?lm=1,,1
Fortaleza EC,,Emanuel Brítez ,33,Zagueiro,Argentina,https://img.a.transfermarkt.technology/portrait/medium/262851-1637935701.JPG?lm=1,,1
Fortaleza EC,,David Luiz,23,Zagueiro,Brasil,https://img.a.transfermarkt.technology/portrait/medium/46741-1472656986.jpg?lm=1,,1
Fortaleza EC,,Titi,4,Zagueiro,Brasil,https://img.a.transfermarkt.technology/portrait/medium/55250-1615775454.jpeg?lm=1,,1
Fortaleza EC,,Felipe Jonatan,36,Lateral Esquerdo,Brasil,https://img.a.transfermarkt.technology/portrait/medium/587786-1706137583.jpg?lm=1,,1
Fortaleza EC,,Bruno Pacheco,6,Lateral Esquerdo,Brasil,https://img.a.transfermarkt.technology/portrait/medium/435163-1597909478.jpg?lm=1,,1
Fortaleza EC,,Diogo Barbosa,16,Lateral Esquerdo,Brasil,https://img.a.transfermarkt.technology/portrait/medium/167724-1543835837.jpg?lm=1,,1
Fortaleza EC,,Eros Mancuso,14,Lateral Direito,Argentina,https://img.a.transfermarkt.technology/portrait/medium/888545-1706529917.JPG?lm=1,,1
Fortaleza EC,,Tinga  ,2,Lateral Direito,Brasil,https://img.a.transfermarkt.technology/portrait/medium/273442-1543585527.jpg?lm=1,,1
Fortaleza EC,,Zé Welison,17,Volante,Brasil,https://img.a.transfermarkt.technology/portrait/medium/323452-1599563317.jpg?lm=1,,1
Fortaleza EC,,Lucas Sasha,88,Volante,Brasil,https://img.a.transfermarkt.technology/portrait/medium/121986-1648631635.png?lm=1,,1
Fortaleza EC,,Rodrigo Santos,-,Volante,Brasil,https://img.a.transfermarkt.technology/portrait/medium/869477-1738230763.jpg?lm=1,,1
Fortaleza EC,,Pedro Augusto,28,Meia Central,Brasil,https://img.a.transfermarkt.technology/portrait/medium/594105-1535142961.jpg?lm=1,,1
Fortaleza EC,,Matheus Rossetto,20,Meia Central,Brasil,https://img.a.transfermarkt.technology/portrait/medium/445000-1678216902.jpg?lm=1,,1
Fortaleza EC,,Pol Fernández,5,Meia Central,Argentina,https://img.a.transfermarkt.technology/portrait/medium/220647-1646343422.JPG?lm=1,,1
Fortaleza EC,,Tomás Pochettino ,7,Meia Ofensivo,Argentina,https://img.a.transfermarkt.technology/portrait/medium/348354-1644877968.png?lm=1,,1
Fortaleza EC,,Calebe,10,Meia Ofensivo,Brasil,https://img.a.transfermarkt.technology/portrait/medium/798114-1662402803.jpg?lm=1,,1
Fortaleza EC,,Emmanuel Martínez,8,Meia Ofensivo,Argentina,https://img.a.transfermarkt.technology/portrait/medium/360526-1620822321.jpg?lm=1,,1
Fortaleza EC,,Kervin Andrade,77,Meia Ofensivo,Venezuela,https://img.a.transfermarkt.technology/portrait/medium/896338-1737650041.jpg?lm=1,,1
Fortaleza EC,,Moisés,21,Ponta Esquerda,Brasil,https://img.a.transfermarkt.technology/portrait/medium/788361-1730499627.jpg?lm=1,,1
Fortaleza EC,,Breno Lopes ,26,Ponta Esquerda,Brasil,https://img.a.transfermarkt.technology/portrait/medium/542598-1612174017.jpg?lm=1,,1
Fortaleza EC,,Dylan Borrero,27,Ponta Esquerda,Colômbia,https://img.a.transfermarkt.technology/portrait/medium/662453-1710266630.jpg?lm=1,,1
Fortaleza EC,,Allanzinho,19,Ponta Esquerda,Brasil,https://img.a.transfermarkt.technology/portrait/medium/685768-1705258273.jpg?lm=1,,1
Fortaleza EC,,Yago Pikachu,22,Ponta Direita,Brasil,https://img.a.transfermarkt.technology/portrait/medium/265660-1547648152.jpg?lm=1,,1
Fortaleza EC,,Marinho,11,Ponta Direita,Brasil,https://img.a.transfermarkt.technology/portrait/medium/74758-1729175331.jpg?lm=1,,1
Fortaleza EC,,Juan Martín Lucero,9,Centroavante,Argentina,https://img.a.transfermarkt.technology/portrait/medium/162807-1636330927.JPG?lm=1,,1
Fortaleza EC,,Deyverson,18,Centroavante,Brasil,https://img.a.transfermarkt.technology/portrait/medium/243541-1708654324.jpg?lm=1,,1
EC Vitória,,Lucas Arcanjo,1,Goleiro,Brasil,https://img.a.transfermarkt.technology/portrait/medium/645602-1663006744.jpg?lm=1,,1
EC Vitória,,Gabriel ,21,Goleiro,Brasil,https://img.a.transfermarkt.technology/portrait/medium/79242-1633101492.jpg?lm=1,,1
EC Vitória,,Fintelman,35,Goleiro,Brasil,https://img.a.transfermarkt.technology/portrait/medium/default.jpg?lm=1,,1
EC Vitória,,Yuri Sena,-,Goleiro,Brasil,https://img.a.transfermarkt.technology/portrait/medium/540963-1663006394.jpg?lm=1,,1
EC Vitória,,Lucas Halter,5,Zagueiro,Brasil,https://img.a.transfermarkt.technology/portrait/medium/468302-1733187832.jpg?lm=1,,1
EC Vitória,,Zé Marcos,3,Zagueiro,Brasil,https://img.a.transfermarkt.technology/portrait/medium/323850-1698671340.jpg?lm=1,,1
EC Vitória,,Edu Ribeiro,43,Zagueiro,Brasil,https://img.a.transfermarkt.technology/portrait/medium/371250-1674432318.jpg?lm=1,,1
EC Vitória,,Neris,77,Zagueiro,Brasil,https://img.a.transfermarkt.technology/portrait/medium/349513-1580201051.jpg?lm=1,,1
EC Vitória,,Bruno Uvini,25,Zagueiro,Brasil,https://img.a.transfermarkt.technology/portrait/medium/147396-1462894872.jpg?lm=1,,1
EC Vitória,,Hugo,16,Lateral Esquerdo,Brasil,https://img.a.transfermarkt.technology/portrait/medium/740157-1705952500.jpg?lm=1,,1
EC Vitória,,Jamerson,83,Lateral Esquerdo,Brasil,https://img.a.transfermarkt.technology/portrait/medium/613641-1679499822.jpg?lm=1,,1
EC Vitória,,Felipe Vieira,-,Lateral Esquerdo,Brasil,https://img.a.transfermarkt.technology/portrait/medium/527192-1555497930.jpg?lm=1,,1
EC Vitória,,Maykon Jesus,-,Lateral Esquerdo,Brasil,https://img.a.transfermarkt.technology/portrait/medium/1220181-1738782775.jpg?lm=1,,1
EC Vitória,,Claudinho,2,Lateral Direito,Brasil,https://img.a.transfermarkt.technology/portrait/medium/697845-1662654759.jpg?lm=1,,1
EC Vitória,,Raúl Cáceres,27,Lateral Direito,Paraguai,https://img.a.transfermarkt.technology/portrait/medium/147410-1606988800.jpg?lm=1,,1
EC Vitória,,Baralhas,44,Volante,Brasil,https://img.a.transfermarkt.technology/portrait/medium/552242-1680878316.jpg?lm=1,,1
EC Vitória,,Willian Oliveira,29,Volante,Brasil,https://img.a.transfermarkt.technology/portrait/medium/252900-1661906007.jpg?lm=1,,1
EC Vitória,,Ronald,8,Volante,Brasil,https://img.a.transfermarkt.technology/portrait/medium/688684-1716603111.jpg?lm=1,,1
EC Vitória,,Ricardo Ryller,28,Volante,Brasil,https://img.a.transfermarkt.technology/portrait/medium/349443-1697280744.png?lm=1,,1
EC Vitória,,Pepê,6,Meia Central,Brasil,https://img.a.transfermarkt.technology/portrait/medium/606716-1674075024.jpg?lm=1,,1
EC Vitória,,Thiago Conti,17,Meia Central,Brasil,https://img.a.transfermarkt.technology/portrait/medium/583064-1663320988.jpg?lm=1,,1
EC Vitória,,Matheuzinho,30,Meia Ofensivo,Brasil,https://img.a.transfermarkt.technology/portrait/medium/365368-1663238403.jpg?lm=1,,1
EC Vitória,,Daniel Jr,-,Meia Ofensivo,Brasil,https://img.a.transfermarkt.technology/portrait/medium/746358-1694515273.png?lm=1,,1
EC Vitória,,Bruno Xavier,37,Meia Ofensivo,Brasil,https://img.a.transfermarkt.technology/portrait/medium/537386-1569361413.jpg?lm=1,,1
EC Vitória,,Felipe Cardoso,76,Meia Ofensivo,Brasil,https://img.a.transfermarkt.technology/portrait/medium/default.jpg?lm=1,,1
EC Vitória,,Lucas Braga,22,Ponta Esquerda,Brasil,https://img.a.transfermarkt.technology/portrait/medium/606850-1616425082.jpg?lm=1,,1
EC Vitória,,Léo Pereira,38,Ponta Esquerda,Brasil,https://img.a.transfermarkt.technology/portrait/medium/726472-1625146156.jpg?lm=1,,1
EC Vitória,,Fábio Soares,83,Ponta Esquerda,Brasil,https://img.a.transfermarkt.technology/portrait/medium/default.jpg?lm=1,,1
EC Vitória,,Alisson Santos,-,Ponta Direita,Brasil,https://img.a.transfermarkt.technology/portrait/medium/830365-1663026751.jpg?lm=1,,1
EC Vitória,,Gustavo Silva,7,Ponta Direita,Brasil,https://img.a.transfermarkt.technology/portrait/medium/636314-1597994712.jpg?lm=1,,1
EC Vitória,,Erick,33,Ponta Direita,Brasil,https://img.a.transfermarkt.technology/portrait/medium/515638-1662314037.jpg?lm=1,,1
EC Vitória,,Wellington Rato,10,Ponta Direita,Brasil,https://img.a.transfermarkt.technology/portrait/medium/542483-1656980162.jpg?lm=1,,1
EC Vitória,,Carlos Eduardo,96,Ponta Direita,Brasil,https://img.a.transfermarkt.technology/portrait/medium/363794-1694441559.png?lm=1,,1
EC Vitória,,Osvaldo,11,Ponta Direita,Brasil,https://img.a.transfermarkt.technology/portrait/medium/76191-1681676097.jpg?lm=1,,1
EC Vitória,,Carlinhos,99,Centroavante,Brasil,https://img.a.transfermarkt.technology/portrait/medium/363173-1720095894.jpg?lm=1,,1
EC Vitória,,Janderson,39,Centroavante,Brasil,https://img.a.transfermarkt.technology/portrait/medium/976561-1682522605.jpg?lm=1,,1
EC Vitória,,Fabri,23,Centroavante,Brasil,https://img.a.transfermarkt.technology/portrait/medium/642589-1701788278.jpg?lm=1,,1
EC Vitória,,Renato Kayzer ,79,Centroavante,Brasil,https://img.a.transfermarkt.technology/portrait/medium/404321-1600328011.jpg?lm=1,,1
Athletico Paranaense,,Mycael,1,Goleiro,Brasil,https://img.a.transfermarkt.technology/portrait/medium/743586-1661710509.jpg?lm=1,,1
Athletico Paranaense,,Santos,23,Goleiro,Brasil,https://img.a.transfermarkt.technology/portrait/medium/140811-1554731294.jpg?lm=1,,1
Athletico Paranaense,,Matheus Soares,42,Goleiro,Brasil,https://img.a.transfermarkt.technology/portrait/medium/1122597-1680440996.jpg?lm=1,,1
Athletico Paranaense,,Léo,3,Zagueiro,Brasil,https://img.a.transfermarkt.technology/portrait/medium/403296-1737135493.jpg?lm=1,,1
Athletico Paranaense,,Tobias Figueiredo,4,Zagueiro,Portugal,https://img.a.transfermarkt.technology/portrait/medium/122077-1541148664.JPG?lm=1,,1
Athletico Paranaense,,Lucas Belezi,45,Zagueiro,Brasil,https://img.a.transfermarkt.technology/portrait/medium/668230-1706146092.jpg?lm=1,,1
Athletico Paranaense,,Thiago Heleno ,44,Zagueiro,Brasil,https://img.a.transfermarkt.technology/portrait/medium/45431-1547647933.jpg?lm=1,,1
Athletico Paranaense,,Habraão,28,Zagueiro,Brasil,https://img.a.transfermarkt.technology/portrait/medium/965630-1686620788.jpg?lm=1,,1
Athletico Paranaense,,Lucas Esquivel,37,Lateral Esquerdo,Argentina,https://img.a.transfermarkt.technology/portrait/medium/829969-1649867477.JPG?lm=1,,1
Athletico Paranaense,,Fernando,6,Lateral Esquerdo,Brasil,https://img.a.transfermarkt.technology/portrait/medium/731057-1725390391.jpg?lm=1,,1
Athletico Paranaense,,Dudu,2,Lateral Direito,Brasil,https://img.a.transfermarkt.technology/portrait/medium/476362-1598272234.jpg?lm=1,,1
Athletico Paranaense,,Hayen Palacios,18,Lateral Direito,Colômbia,https://img.a.transfermarkt.technology/portrait/medium/582982-1656198576.jpg?lm=1,,1
Athletico Paranaense,,Fabrizio Peralta,15,Volante,Paraguai,https://img.a.transfermarkt.technology/portrait/medium/661270-1572341731.png?lm=1,,1
Athletico Paranaense,,Raul,31,Volante,Brasil,https://img.a.transfermarkt.technology/portrait/medium/479587-1561449428.jpg?lm=1,,1
Athletico Paranaense,,Ronald Kauã,-,Volante,Brasil,https://img.a.transfermarkt.technology/portrait/medium/default.jpg?lm=1,,1
Athletico Paranaense,,Patrick,88,Meia Central,Brasil,https://img.a.transfermarkt.technology/portrait/medium/333159-1675216507.jpg?lm=1,,1
Athletico Paranaense,,Felipinho,5,Meia Central,Brasil,https://img.a.transfermarkt.technology/portrait/medium/1115489-1725225408.jpg?lm=1,,1
Athletico Paranaense,,João Cruz,57,Meia Central,Brasil,https://img.a.transfermarkt.technology/portrait/medium/1004738-1725383110.jpg?lm=1,,1
Athletico Paranaense,,Falcão,98,Meia Central,Brasil,https://img.a.transfermarkt.technology/portrait/medium/643195-1660518405.jpg?lm=1,,1
Athletico Paranaense,,Bruno Zapelli,10,Meia Ofensivo,Argentina,https://img.a.transfermarkt.technology/portrait/medium/711600-1719452866.jpg?lm=1,,1
Athletico Paranaense,,Dudu,53,Meia Ofensivo,Brasil,https://img.a.transfermarkt.technology/portrait/medium/1004728-1671048506.jpg?lm=1,,1
Athletico Paranaense,,Giuliano,8,Meia Ofensivo,Brasil,https://img.a.transfermarkt.technology/portrait/medium/54375-1706143918.jpg?lm=1,,1
Athletico Paranaense,,Luiz Fernando,19,Ponta Esquerda,Brasil,https://img.a.transfermarkt.technology/portrait/medium/372013-1664555713.jpg?lm=1,,1
Athletico Paranaense,,Isaac,11,Ponta Esquerda,Brasil,https://img.a.transfermarkt.technology/portrait/medium/default.jpg?lm=1,,1
Athletico Paranaense,,Julimar ,20,Ponta Esquerda,Brasil,https://img.a.transfermarkt.technology/portrait/medium/593205-1676081720.jpg?lm=1,,1
Athletico Paranaense,,Kevin Velasco,7,Ponta Direita,Colômbia,https://img.a.transfermarkt.technology/portrait/medium/600857-1637856671.jpg?lm=1,,1
Athletico Paranaense,,Tevis,30,Ponta Direita,Brasil,https://img.a.transfermarkt.technology/portrait/medium/default.jpg?lm=1,,1
Athletico Paranaense,,Leozinho,21,Ponta Direita,Brasil,https://img.a.transfermarkt.technology/portrait/medium/1110658-1721164064.jpg?lm=1,,1
Athletico Paranaense,,Luciano Arriagada,32,Centroavante,Chile,https://img.a.transfermarkt.technology/portrait/medium/737965-1623404433.jpg?lm=1,,1
Athletico Paranaense,,Renan,70,Centroavante,Brasil,https://img.a.transfermarkt.technology/portrait/medium/883623-1660309040.png?lm=1,,1
Athletico Paranaense,,Alan Kardec,27,Centroavante,Brasil,https://img.a.transfermarkt.technology/portrait/medium/53922-1662402534.jpg?lm=1,,1
Atlético Goianiense,,Michael Termijn,1,Goleiro,Holanda,https://img.a.transfermarkt.technology/portrait/medium/default.jpg?lm=1,,1
Atlético Goianiense,,Jordan Silva,21,Goleiro,Holanda,https://img.a.transfermarkt.technology/portrait/medium/default.jpg?lm=1,,1
Atlético Goianiense,,Bradley Dekker,31,Goleiro,Holanda,https://img.a.transfermarkt.technology/portrait/medium/default.jpg?lm=1,,1
Atlético Goianiense,,Lucio Hollander,-,"	Lucio Hollander,1
Defensores",Holanda,https://img.a.transfermarkt.technology/portrait/medium/default.jpg?lm=1,,1
Atlético Goianiense,,Brett Godding,16,"	Brett Godding,1
Defensores",Holanda,https://img.a.transfermarkt.technology/portrait/medium/default.jpg?lm=1,,1
Atlético Goianiense,,Peter Verhoeve ,14,Zagueiro,Holanda,https://img.a.transfermarkt.technology/portrait/medium/default.jpg?lm=1,,1
Atlético Goianiense,,Max Christoffel,12,Zagueiro,Holanda,https://img.a.transfermarkt.technology/portrait/medium/default.jpg?lm=1,,1
Atlético Goianiense,,Mitchell Feijen,22,Zagueiro,Holanda,https://img.a.transfermarkt.technology/portrait/medium/default.jpg?lm=1,,1
Atlético Goianiense,,Robbin Brouwer,5,Lateral Esquerdo,Holanda,https://img.a.transfermarkt.technology/portrait/medium/default.jpg?lm=1,,1
Atlético Goianiense,,Lorenzo Braaf,-,Lateral Direito,Holanda,https://img.a.transfermarkt.technology/portrait/medium/default.jpg?lm=1,,1
Atlético Goianiense,,Tim Eekman,4,Lateral Direito,Holanda,https://img.a.transfermarkt.technology/portrait/medium/default.jpg?lm=1,,1
Atlético Goianiense,,Eloge Kangi,-,"	Eloge Kangi,1
Meio-Campo",Holanda,https://img.a.transfermarkt.technology/portrait/medium/default.jpg?lm=1,,1
Atlético Goianiense,,Jochem van den Biggelaar,3,Volante,Holanda,https://img.a.transfermarkt.technology/portrait/medium/default.jpg?lm=1,,1
Atlético Goianiense,,Damian van den Oever,6,Volante,Holanda,https://img.a.transfermarkt.technology/portrait/medium/default.jpg?lm=1,,1
Atlético Goianiense,,Quinten van der Ent,15,"	Quinten van der Ent,1
Meio-Campo",Holanda,https://img.a.transfermarkt.technology/portrait/medium/default.jpg?lm=1,,1
Atlético Goianiense,,Aroen Orie,25,"	Aroen Orie,1
Meio-Campo",Holanda,https://img.a.transfermarkt.technology/portrait/medium/default.jpg?lm=1,,1
Atlético Goianiense,,Dylan Veenvliet,27,Meia Central,Holanda,https://img.a.transfermarkt.technology/portrait/medium/default.jpg?lm=1,,1
Atlético Goianiense,,Jesper van den Bosch,7,"	Jesper van den Bosch,1
Meia Direita",Holanda,https://img.a.transfermarkt.technology/portrait/medium/default.jpg?lm=1,,1
Atlético Goianiense,,Jazzley van Heyningen,8,Meia Ofensivo,Holanda,https://img.a.transfermarkt.technology/portrait/medium/default.jpg?lm=1,,1
Atlético Goianiense,,Danilo Alkema,12,Meia Ofensivo,Holanda,https://img.a.transfermarkt.technology/portrait/medium/default.jpg?lm=1,,1
Atlético Goianiense,,Mischa Sonbeek,40,Meia Ofensivo,Holanda,https://img.a.transfermarkt.technology/portrait/medium/default.jpg?lm=1,,1
Atlético Goianiense,,Xavier Akinrinbola,9,Ponta Esquerda,Holanda,https://img.a.transfermarkt.technology/portrait/medium/default.jpg?lm=1,,1
Atlético Goianiense,,Nino Urban,17,Ponta Esquerda,Holanda,https://img.a.transfermarkt.technology/portrait/medium/default.jpg?lm=1,,1
Atlético Goianiense,,Mario Bilate,-,Centroavante,Holanda,https://img.a.transfermarkt.technology/portrait/medium/176555-1676562433.jpg?lm=1,,1
Atlético Goianiense,,Sam van de Kreeke,10,Centroavante,Holanda,https://img.a.transfermarkt.technology/portrait/medium/default.jpg?lm=1,,1
Atlético Goianiense,,Jelmer van Leeuwen,-,"	Jelmer van Leeuwen,1
Atacante",Holanda,https://img.a.transfermarkt.technology/portrait/medium/default.jpg?lm=1,,1
Atlético Goianiense,,Lukas Bos,-,Centroavante,Holanda,https://img.a.transfermarkt.technology/portrait/medium/default.jpg?lm=1,,1
Atlético Goianiense,,Luc Delmee,11,Centroavante,Holanda,https://img.a.transfermarkt.technology/portrait/medium/default.jpg?lm=1,,1
Atlético Goianiense,,Len Bleeker,19,"	Len Bleeker,1
Atacante",Sint Maarten,https://img.a.transfermarkt.technology/portrait/medium/default.jpg?lm=1,,1
Atlético Goianiense,,Bobby Vos,23,"	Bobby Vos,1
Atacante",Holanda,https://img.a.transfermarkt.technology/portrait/medium/default.jpg?lm=1,,1
Cuiabá EC,,Mateus Pasinato,14,Goleiro,Brasil,https://img.a.transfermarkt.technology/portrait/medium/349418-1708653771.jpg?lm=1,,1
Cuiabá EC,,Guilherme Nogueira,-,Goleiro,Brasil,https://img.a.transfermarkt.technology/portrait/medium/411865-1744758910.jpg?lm=1,,1
Cuiabá EC,,Arthur,1,Goleiro,Brasil,https://img.a.transfermarkt.technology/portrait/medium/593069-1716824362.jpg?lm=1,,1
Cuiabá EC,,Nathan,4,Zagueiro,Brasil,https://img.a.transfermarkt.technology/portrait/medium/339711-1711616515.jpg?lm=1,,1
Cuiabá EC,,Alan Empereur,-,Zagueiro,Brasil,https://img.a.transfermarkt.technology/portrait/medium/169179-1567668905.jpg?lm=1,,1
Cuiabá EC,,Bruno Alves,3,Zagueiro,Brasil,https://img.a.transfermarkt.technology/portrait/medium/177534-1708653884.jpg?lm=1,,1
Cuiabá EC,,Guilherme Mariano,13,Zagueiro,Brasil,https://img.a.transfermarkt.technology/portrait/medium/1007070-1744759006.jpg?lm=1,,1
Cuiabá EC,,Cauã Rocha,83,Zagueiro,Brasil,https://img.a.transfermarkt.technology/portrait/medium/default.jpg?lm=1,,1
Cuiabá EC,,Luis Soares,91,Zagueiro,Brasil,https://img.a.transfermarkt.technology/portrait/medium/1223923-1739974085.jpg?lm=1,,1
Cuiabá EC,,Sander,6,Lateral Esquerdo,Brasil,https://img.a.transfermarkt.technology/portrait/medium/353722-1674432730.jpeg?lm=1,,1
Cuiabá EC,,Marcelo Henrique,23,Lateral Esquerdo,Brasil,https://img.a.transfermarkt.technology/portrait/medium/default.jpg?lm=1,,1
Cuiabá EC,,Léo Ataíde,2,Lateral Direito,Brasil,https://img.a.transfermarkt.technology/portrait/medium/743830-1661710370.jpg?lm=1,,1
Cuiabá EC,,Mateusinho,98,Lateral Direito,Brasil,https://img.a.transfermarkt.technology/portrait/medium/870778-1685711841.jpg?lm=1,,1
Cuiabá EC,,Patrick de Lucca,-,Volante,Brasil,https://img.a.transfermarkt.technology/portrait/medium/689737-1661954146.jpg?lm=1,,1
Cuiabá EC,,Lucas Mineiro,30,Volante,Brasil,https://img.a.transfermarkt.technology/portrait/medium/432958-1566218178.jpg?lm=1,,1
Cuiabá EC,,Calebe Costa,55,Volante,Brasil,https://img.a.transfermarkt.technology/portrait/medium/1033501-1699659778.jpg?lm=1,,1
Cuiabá EC,,Lucas Eduardo,5,Volante,Brasil,https://img.a.transfermarkt.technology/portrait/medium/1083971-1705783136.jpg?lm=1,,1
Cuiabá EC,,Eduardo Vinícius,15,Volante,Brasil,https://img.a.transfermarkt.technology/portrait/medium/1111733-1739973963.jpg?lm=1,,1
Cuiabá EC,,Denilson,27,Meia Central,Brasil,https://img.a.transfermarkt.technology/portrait/medium/808507-1663612393.jpg?lm=1,,1
Cuiabá EC,,Ruan Oliveira,33,Meia Central,Brasil,https://img.a.transfermarkt.technology/portrait/medium/798106-1698348452.jpg?lm=1,,1
Cuiabá EC,,Max,8,Meia Ofensivo,Brasil,https://img.a.transfermarkt.technology/portrait/medium/876343-1678127719.jpg?lm=1,,1
Cuiabá EC,,Lucas Cardoso,99,Meia Ofensivo,Brasil,https://img.a.transfermarkt.technology/portrait/medium/931076-1726500162.png?lm=1,,1
Cuiabá EC,,Yamil Asad,32,Ponta Esquerda,Argentina,https://img.a.transfermarkt.technology/portrait/medium/266600-1720940058.jpg?lm=1,,1
Cuiabá EC,,Pedrinho,7,Ponta Esquerda,Brasil,https://img.a.transfermarkt.technology/portrait/medium/538978-1663155209.png?lm=1,,1
Cuiabá EC,,André Luis,97,Ponta Direita,Brasil,https://img.a.transfermarkt.technology/portrait/medium/519851-1662431173.jpg?lm=1,,1
Cuiabá EC,,Juan Christian,70,Ponta Direita,Brasil,https://img.a.transfermarkt.technology/portrait/medium/1010016-1739282194.jpg?lm=1,,1
Cuiabá EC,,Jadson,77,Ponta Direita,Brasil,https://img.a.transfermarkt.technology/portrait/medium/1094414-1739973803.jpg?lm=1,,1
Cuiabá EC,,Derik Lacerda,22,Centroavante,Brasil,https://img.a.transfermarkt.technology/portrait/medium/700933-1708654208.jpg?lm=1,,1
Cuiabá EC,,Edu,-,Centroavante,Brasil,https://img.a.transfermarkt.technology/portrait/medium/548591-1658770842.jpg?lm=1,,1
Juventude,,Gustavo,1,Goleiro,Brasil,https://img.a.transfermarkt.technology/portrait/medium/667411-1645112882.jpg?lm=1,,1
Juventude,,Mateus Claus,77,Goleiro,Brasil,https://img.a.transfermarkt.technology/portrait/medium/733453-1661956383.jpg?lm=1,,1
Juventude,,Marcão,12,Goleiro,Brasil,https://img.a.transfermarkt.technology/portrait/medium/160188-1426690533.jpg?lm=1,,1
Juventude,,Ruan Carneiro,21,Goleiro,Brasil,https://img.a.transfermarkt.technology/portrait/medium/default.jpg?lm=1,,1
Juventude,,Natã,-,Zagueiro,Brasil,https://img.a.transfermarkt.technology/portrait/medium/978004-1721349565.jpg?lm=1,,1
Juventude,,Abner,23,Zagueiro,Brasil,https://img.a.transfermarkt.technology/portrait/medium/default.jpg?lm=1,,1
Juventude,,Adriano Martins,3,Zagueiro,Brasil,https://img.a.transfermarkt.technology/portrait/medium/739272-1720884098.jpg?lm=1,,1
Juventude,,Rodrigo Sam ,34,Zagueiro,Brasil,https://img.a.transfermarkt.technology/portrait/medium/363174-1676059834.jpg?lm=1,,1
Juventude,,Wilker Ángel,4,Zagueiro,Venezuela,https://img.a.transfermarkt.technology/portrait/medium/178400-1605978525.png?lm=1,,1
Juventude,,Cipriano ,5,Zagueiro,Brasil,https://img.a.transfermarkt.technology/portrait/medium/994622-1721902973.jpg?lm=1,,1
Juventude,,Kawan,38,Zagueiro,Brasil,https://img.a.transfermarkt.technology/portrait/medium/default.jpg?lm=1,,1
Juventude,,Felipinho,6,Lateral Esquerdo,Brasil,https://img.a.transfermarkt.technology/portrait/medium/798167-1682388129.jpg?lm=1,,1
Juventude,,Marcos Paulo,47,Lateral Esquerdo,Brasil,https://img.a.transfermarkt.technology/portrait/medium/978039-1659564718.png?lm=1,,1
Juventude,,Alan Ruschel ,28,Lateral Esquerdo,Brasil,https://img.a.transfermarkt.technology/portrait/medium/75080-1623674737.jpg?lm=1,,1
Juventude,,Ewerthon,2,Lateral Direito,Brasil,https://img.a.transfermarkt.technology/portrait/medium/676034-1680120721.jpg?lm=1,,1
Juventude,,Reginaldo,93,Lateral Direito,Brasil,https://img.a.transfermarkt.technology/portrait/medium/329738-1711909394.png?lm=1,,1
Juventude,,Gabriel Souza,-,Lateral Direito,Brasil,https://img.a.transfermarkt.technology/portrait/medium/default.jpg?lm=1,,1
Juventude,,Caíque Gonçalves ,95,Volante,Brasil,https://img.a.transfermarkt.technology/portrait/medium/555310-1663785343.jpg?lm=1,,1
Juventude,,Daniel Giraldo,8,Volante,Colômbia,https://img.a.transfermarkt.technology/portrait/medium/185246-1693692480.JPG?lm=1,,1
Juventude,,Kelvi Gomes,15,Volante,Brasil,https://img.a.transfermarkt.technology/portrait/medium/740491-1698670088.jpg?lm=1,,1
Juventude,,Davi Góes,88,Volante,Brasil,https://img.a.transfermarkt.technology/portrait/medium/default.jpg?lm=1,,1
Juventude,,Daniel Peixoto ,-,Volante,Brasil,https://img.a.transfermarkt.technology/portrait/medium/675047-1725225793.jpg?lm=1,,1
Juventude,,Mandaca,44,Meia Central,Brasil,https://img.a.transfermarkt.technology/portrait/medium/892091-1660704111.jpg?lm=1,,1
Juventude,,Jádson,16,Meia Central,Brasil,https://img.a.transfermarkt.technology/portrait/medium/205179-1661909061.jpg?lm=1,,1
Juventude,,Jean Carlos,20,Meia Ofensivo,Brasil,https://img.a.transfermarkt.technology/portrait/medium/102574-1725225691.jpg?lm=1,,1
Juventude,,Rafinha,-,Meia Ofensivo,Brasil,https://img.a.transfermarkt.technology/portrait/medium/1053934-1674749528.jpg?lm=1,,1
Juventude,,Nenê,10,Meia Ofensivo,Brasil,https://img.a.transfermarkt.technology/portrait/medium/29091-1724955986.jpg?lm=1,,1
Juventude,,Maurício Garcez,7,Ponta Esquerda,Brasil,https://img.a.transfermarkt.technology/portrait/medium/802809-1733329087.jpg?lm=1,,1
Juventude,,Petterson,37,Ponta Esquerda,Brasil,https://img.a.transfermarkt.technology/portrait/medium/default.jpg?lm=1,,1
Juventude,,Ênio,97,Ponta Esquerda,Brasil,https://img.a.transfermarkt.technology/portrait/medium/740085-1655301848.jpg?lm=1,,1
Juventude,,Emerson Batalla,27,Ponta Direita,Colômbia,https://img.a.transfermarkt.technology/portrait/medium/747148-1630754739.JPG?lm=1,,1
Juventude,,Vitor Pernambuco,98,Ponta Direita,Brasil,https://img.a.transfermarkt.technology/portrait/medium/654384-1685806253.png?lm=1,,1
Juventude,,Emerson Galego,18,Ponta Direita,Brasil,https://img.a.transfermarkt.technology/portrait/medium/1047465-1740225161.jpg?lm=1,,1
Juventude,,Giovanny,11,Centroavante,Brasil,https://img.a.transfermarkt.technology/portrait/medium/379369-1690574756.png?lm=1,,1
Juventude,,Gabriel Taliari,19,Centroavante,Brasil,https://img.a.transfermarkt.technology/portrait/medium/585876-1698667341.jpg?lm=1,,1
Juventude,,Matheus Babi,17,Centroavante,Brasil,https://img.a.transfermarkt.technology/portrait/medium/788861-1721247323.jpg?lm=1,,1
Juventude,,Gilberto,9,Centroavante,Brasil,https://img.a.transfermarkt.technology/portrait/medium/164013-1464164132.jpg?lm=1,,1